season,start_year,team,bt,mov,win_pct,conf_rank,league_rank,strength_gap_to_best,league_strength_sd,prior_titles,prior_top4,career_win_pct,won_title,title_prob
1980-1981,1980,Atlanta Hawks,-0.4200959296268728,-0.33860307316109606,0.378,8.0,18.0,1.5818305103607218,0.6814375752855509,0,0,0.5,0,0.0
1980-1981,1980,Boston Celtics,1.1617345807338488,0.8643664947783254,0.756,1.5,1.0,0.0,0.6814375752855509,0,0,0.5,1,0.37495
1980-1981,1980,Chicago Bulls,0.2622580732559062,0.3343169583109556,0.549,5.0,8.0,0.8994765074779426,0.6814375752855509,0,0,0.5,0,0.00125
1980-1981,1980,Denver Nuggets,-0.2571010886175674,-0.13572697025444777,0.451,8.0,15.0,1.4188356693514161,0.6814375752855509,0,0,0.5,0,0.0002
1980-1981,1980,Golden State Warriors,-0.13102117353348341,-0.20144739795660144,0.476,7.0,14.0,1.2927557542673322,0.6814375752855509,0,0,0.5,0,0.00015
1980-1981,1980,Houston Rockets,-0.11490793177363998,-0.028574099000936378,0.488,5.5,12.0,1.2766425125074887,0.6814375752855509,0,0,0.5,0,0.0003
1980-1981,1980,Indiana Pacers,0.19788916856336036,0.24573725140805283,0.537,6.0,9.0,0.9638454121704885,0.6814375752855509,0,0,0.5,0,0.00055
1980-1981,1980,Kansas City Kings,-0.11490793177364005,-0.07000654255229412,0.488,5.5,13.0,1.276642512507489,0.6814375752855509,0,0,0.5,0,0.0004
1980-1981,1980,Los Angeles Lakers,0.5905570464061082,0.46718651866530975,0.659,2.0,5.0,0.5711775343277407,0.6814375752855509,0,0,0.5,0,0.06155
1980-1981,1980,Milwaukee Bucks,1.0180480188096843,1.0200953343334285,0.732,3.0,3.0,0.1436865619241645,0.6814375752855509,0,0,0.5,0,0.1265
1980-1981,1980,New York Knicks,0.5071855775230456,0.28574099000936376,0.61,4.0,6.0,0.6545490032108032,0.6814375752855509,0,0,0.5,0,0.01315
1980-1981,1980,Philadelphia 76ers,1.1429840897295447,1.1086750412363313,0.756,1.5,2.0,0.01875049100430415,0.6814375752855509,0,0,0.5,0,0.2438
1980-1981,1980,Phoenix Suns,0.7454835092003504,0.6900644908726135,0.695,1.0,4.0,0.4162510715334984,0.6814375752855509,0,0,0.5,0,0.1466
1980-1981,1980,Portland Trail Blazers,0.1521166894748602,0.07429265740243458,0.549,4.0,10.0,1.0096178912589886,0.6814375752855509,0,0,0.5,0,0.00335
1980-1981,1980,San Antonio Spurs,0.4609804969831557,0.3114576791102065,0.634,3.0,7.0,0.7007540837506931,0.6814375752855509,0,0,0.5,0,0.0271
1980-1981,1980,Washington Bullets,-0.041974030220344426,0.060005607901966386,0.476,7.0,11.0,1.2037086109541932,0.6814375752855509,0,0,0.5,0,0.00015
1981-1982,1981,Atlanta Hawks,0.09538987779748878,0.11572510095379233,0.512,6.0,13.0,1.0839849244819024,0.6384772439424966,0,0,0.3780487804878049,0,0.00125
1981-1982,1981,Boston Celtics,1.1793748022793913,0.9072276432797299,0.768,1.0,1.0,0.0,0.6384772439424966,1,1,0.7560975609756098,0,0.5196
1981-1982,1981,Denver Nuggets,0.19707351957115682,0.018573164350608646,0.561,5.0,9.0,0.9823012827082345,0.6384772439424966,0,0,0.45121951219512196,0,0.00585
1981-1982,1981,Detroit Pistons,-0.059794030814118736,-0.09000841185294958,0.476,7.0,15.0,1.23916883309351,0.6384772439424966,0,0,0.25609756097560976,0,0.0002
1981-1982,1981,Golden State Warriors,0.1713575153779115,0.11429639600374551,0.549,7.0,11.0,1.0080172869014798,0.6384772439424966,0,0,0.47560975609756095,0,0.00415
1981-1982,1981,Houston Rockets,0.19707351957115687,-0.055719493051825934,0.561,5.0,8.0,0.9823012827082345,0.6384772439424966,0,0,0.4878048780487805,0,0.00635
1981-1982,1981,Indiana Pacers,-0.24773430586321363,-0.212877037556976,0.427,8.0,16.0,1.4271091081426048,0.6384772439424966,0,0,0.5365853658536586,0,0.0
1981-1982,1981,Los Angeles Lakers,0.7617398383773165,0.6243440631704599,0.695,1.0,3.0,0.4176349639020748,0.6384772439424966,0,0,0.6585365853658537,1,0.16495
1981-1982,1981,Milwaukee Bucks,0.7251263466659728,0.7686432631251885,0.671,3.0,4.0,0.45424845561341853,0.6384772439424966,0,1,0.7317073170731707,0,0.06225
1981-1982,1981,New Jersey Nets,0.17964540182801,0.12429733065407324,0.537,4.0,10.0,0.9997294004513813,0.6384772439424966,0,0,0.2926829268292683,0,0.00265
1981-1982,1981,Philadelphia 76ers,0.8974361777641459,0.820076641326874,0.707,2.0,2.0,0.28193862451524543,0.6384772439424966,0,1,0.7560975609756098,0,0.16385
1981-1982,1981,Phoenix Suns,0.21872443527735191,0.4357550097642797,0.561,5.0,7.0,0.9606503670020394,0.6384772439424966,0,1,0.6951219512195121,0,0.00755
1981-1982,1981,Portland Trail Blazers,0.029912034179750472,0.055719493051825934,0.512,8.0,14.0,1.1494627680996408,0.6384772439424966,0,0,0.5487804878048781,0,0.00115
1981-1982,1981,San Antonio Spurs,0.29226990794485086,0.25573818605838056,0.585,3.0,6.0,0.8871048943345404,0.6384772439424966,0,0,0.6341463414634146,0,0.01295
1981-1982,1981,Seattle SuperSonics,0.5081987436224601,0.5271921265672761,0.634,2.0,5.0,0.6711760586569312,0.6384772439424966,0,0,0.4146341463414634,0,0.046
1981-1982,1981,Washington Bullets,0.13397434576470263,0.1514427247049628,0.524,5.0,12.0,1.0454004565146886,0.6384772439424966,0,0,0.47560975609756095,0,0.00125
1982-1983,1982,Atlanta Hawks,0.12281918710424296,-0.10286675640337095,0.524,6.0,13.0,1.1807594400681776,0.6795452692257704,0,0,0.4451219512195122,0,0.0011
1982-1983,1982,Boston Celtics,0.7918058585504025,0.7629284433250012,0.683,2.0,3.0,0.511772768622018,0.6795452692257704,1,2,0.7621951219512195,0,0.0966
1982-1983,1982,Dallas Mavericks,-0.170295033978817,-0.10000934650327731,0.463,8.0,16.0,1.4738736611512375,0.6795452692257704,0,0,0.2621951219512195,0,0.0001
1982-1983,1982,Denver Nuggets,0.16367530162136032,0.03857503365126411,0.549,6.5,11.0,1.1399033255510602,0.6795452692257704,0,0,0.5060975609756098,0,0.00245
1982-1983,1982,Detroit Pistons,-0.16329603627450776,-0.024287984150795923,0.451,8.0,15.0,1.4668746634469283,0.6795452692257704,0,0,0.36585365853658536,0,0.0
1982-1983,1982,Kansas City Kings,0.1636753016213603,0.14858531480486917,0.549,6.5,12.0,1.1399033255510602,0.6795452692257704,0,0,0.4268292682926829,0,0.0018
1982-1983,1982,Los Angeles Lakers,0.8334469097516026,0.7229247047236903,0.707,1.0,2.0,0.47013171742081794,0.6795452692257704,1,1,0.676829268292683,0,0.17405
1982-1983,1982,Milwaukee Bucks,0.5143433480532683,0.6172005384202257,0.622,3.0,6.0,0.7892352791191523,0.6795452692257704,0,2,0.7012195121951219,0,0.0214
1982-1983,1982,New Jersey Nets,0.4175332092716519,0.3957512711629688,0.598,4.0,7.0,0.8860454179007686,0.6795452692257704,0,0,0.4146341463414634,0,0.0097
1982-1983,1982,New York Knicks,0.1846630124388579,0.36860587711207926,0.537,5.0,10.0,1.1189156147335626,0.6795452692257704,0,0,0.5060975609756098,0,0.0013
1982-1983,1982,Philadelphia 76ers,1.3035786271724206,1.0758148273852546,0.793,1.0,1.0,0.0,0.6795452692257704,0,2,0.7317073170731707,1,0.5979
1982-1983,1982,Phoenix Suns,0.5743850544446817,0.6586329819715835,0.646,2.5,4.0,0.7291935727277389,0.6795452692257704,0,1,0.6280487804878049,0,0.04205
1982-1983,1982,Portland Trail Blazers,0.2319140853015799,0.2685965306088019,0.561,5.0,9.0,1.0716645418708406,0.6795452692257704,0,0,0.5304878048780488,0,0.004
1982-1983,1982,San Antonio Spurs,0.5543908244106207,0.44289853451451383,0.646,2.5,5.0,0.7491878027617999,0.6795452692257704,0,0,0.6097560975609756,0,0.03775
1982-1983,1982,Seattle SuperSonics,0.3282236911974445,0.4114670256134838,0.585,4.0,8.0,0.975354935974976,0.6795452692257704,0,0,0.524390243902439,0,0.00925
1982-1983,1982,Washington Bullets,0.0948410976162263,0.028574099000936378,0.512,7.0,14.0,1.2087375295561942,0.6795452692257704,0,0,0.5,0,0.00055
1983-1984,1983,Atlanta Hawks,-0.02471596702659879,-0.15430013460505643,0.488,7.0,12.0,1.1006524801523816,0.45002256592522105,0,0,0.4715447154471545,0,0.0017
1983-1984,1983,Boston Celtics,1.0759365131257828,0.9172285779300576,0.756,1.0,1.0,0.0,0.45002256592522105,1,3,0.7357723577235772,1,0.55775
1983-1984,1983,Dallas Mavericks,0.04940321985076,0.021430574250702283,0.524,4.0,10.0,1.0265332932750229,0.45002256592522105,0,0,0.32926829268292684,0,0.0091
1983-1984,1983,Denver Nuggets,-0.17553525212572405,-0.181445528655946,0.463,7.5,14.5,1.2514717652515068,0.45002256592522105,0,0,0.5203252032520326,0,0.0014
1983-1984,1983,Detroit Pistons,0.3993715509888375,0.5029041424164802,0.598,4.0,5.0,0.6765649621369453,0.45002256592522105,0,0,0.3943089430894309,0,0.02585
1983-1984,1983,Kansas City Kings,-0.17553525212572405,-0.23145020190758467,0.463,7.5,14.5,1.2514717652515068,0.45002256592522105,0,0,0.46747967479674796,0,0.00155
1983-1984,1983,Los Angeles Lakers,0.5716110106359417,0.4743300434155438,0.659,1.0,2.0,0.5043255024898411,0.45002256592522105,1,2,0.6869918699186992,0,0.17005
1983-1984,1983,Milwaukee Bucks,0.4463334679926912,0.575768094868868,0.61,3.0,4.0,0.6296030451330916,0.45002256592522105,0,2,0.6747967479674797,0,0.04445
1983-1984,1983,New Jersey Nets,0.22188483826201041,0.181445528655946,0.549,6.0,8.0,0.8540516748637723,0.45002256592522105,0,0,0.47560975609756095,0,0.0092
1983-1984,1983,New York Knicks,0.30832480740554596,0.5414791760677443,0.573,5.0,6.0,0.7676117057202367,0.45002256592522105,0,0,0.516260162601626,0,0.01315
1983-1984,1983,Philadelphia 76ers,0.5637985880434021,0.3414604830611897,0.634,2.0,3.0,0.5121379250823807,0.45002256592522105,1,3,0.7520325203252033,0,0.09345
1983-1984,1983,Phoenix Suns,-0.028682114035810877,0.09286582175304323,0.5,6.0,13.0,1.1046186271615936,0.45002256592522105,0,2,0.6341463414634146,0,0.0044
1983-1984,1983,Portland Trail Blazers,0.2886194225894427,0.4471846493646543,0.585,2.0,7.0,0.78731709053634,0.45002256592522105,0,0,0.540650406504065,0,0.04585
1983-1984,1983,Seattle SuperSonics,0.016313083099494082,-0.048575968301591846,0.512,5.0,11.0,1.0596234300262888,0.45002256592522105,0,0,0.5447154471544715,0,0.0064
1983-1984,1983,Utah Jazz,0.13969735395727637,0.11572510095379233,0.549,3.0,9.0,0.9362391591685064,0.45002256592522105,0,0,0.33739837398373984,0,0.0153
1983-1984,1983,Washington Bullets,-0.2266718958119895,-0.33717436821104924,0.427,8.0,18.0,1.3026084089377723,0.45002256592522105,0,0,0.5040650406504065,0,0.0004
1984-1985,1984,Boston Celtics,1.153894720888132,0.9243721026802917,0.768,1.0,1.0,0.0,0.5986864965584086,2,4,0.7408536585365854,0,0.3953
1984-1985,1984,Chicago Bulls,-0.11277311708542209,-0.07143524750234094,0.463,7.0,14.0,1.266667837973554,0.5986864965584086,0,0,0.40853658536585363,0,5e-05
1984-1985,1984,Cleveland Cavaliers,-0.2028823455898552,-0.3243160236606279,0.439,8.0,15.0,1.3567770664779872,0.5986864965584086,0,0,0.2865853658536585,0,0.00015
1984-1985,1984,Dallas Mavericks,0.10629162477644266,0.2571668910084274,0.537,4.0,8.0,1.0476030961116893,0.5986864965584086,0,0,0.3780487804878049,0,0.00255
1984-1985,1984,Denver Nuggets,0.4866342184208206,0.2928845147595978,0.634,2.0,5.0,0.6672605024673115,0.5986864965584086,0,0,0.5060975609756098,0,0.034
1984-1985,1984,Detroit Pistons,0.28776504915511625,0.39003645136278153,0.561,4.0,7.0,0.8661296717330158,0.5986864965584086,0,1,0.4451219512195122,0,0.00415
1984-1985,1984,Houston Rockets,0.29405888209426834,0.19716128310646097,0.585,3.0,6.0,0.8598358387938637,0.5986864965584086,0,0,0.3932926829268293,0,0.0101
1984-1985,1984,Los Angeles Lakers,0.9979971434245761,0.9258008076303387,0.756,1.0,2.0,0.15589757746355593,0.5986864965584086,1,2,0.6798780487804879,1,0.3372
1984-1985,1984,Milwaukee Bucks,0.9271335195017146,0.9572323165313686,0.72,2.0,3.0,0.22676120138641742,0.5986864965584086,0,3,0.6585365853658537,0,0.1235
1984-1985,1984,New Jersey Nets,0.09870208263170592,0.0914371168029964,0.512,5.0,9.0,1.055192638256426,0.5986864965584086,0,0,0.49390243902439024,0,0.00075
1984-1985,1984,Philadelphia 76ers,0.8848493134200179,0.5957699641695234,0.707,3.0,4.0,0.2690454074681141,0.5986864965584086,1,3,0.7225609756097561,0,0.08915
1984-1985,1984,Phoenix Suns,-0.2854814021697143,-0.3343169583109556,0.439,8.0,16.0,1.4393761230578463,0.5986864965584086,0,2,0.600609756097561,0,0.0
1984-1985,1984,Portland Trail Blazers,-0.005437393243240559,0.40003738601310923,0.512,5.0,11.0,1.1593321141313726,0.5986864965584086,0,0,0.551829268292683,0,0.00125
1984-1985,1984,San Antonio Spurs,-0.03301760686976785,0.09000841185294958,0.5,6.5,13.0,1.1869123277579,0.5986864965584086,0,0,0.5792682926829268,0,0.00085
1984-1985,1984,Utah Jazz,-0.03301760686976783,-0.0457185584014982,0.5,6.5,12.0,1.1869123277579,0.5986864965584086,0,0,0.3902439024390244,0,0.0008
1984-1985,1984,Washington Bullets,0.0031366394245090617,0.021430574250702283,0.488,6.0,10.0,1.150758081463623,0.5986864965584086,0,0,0.4847560975609756,0,0.0002
1985-1986,1985,Atlanta Hawks,0.4520637984922195,0.370034582062126,0.61,4.0,5.0,0.9402378923395593,0.58139737483781,0,0,0.4634146341463415,0,0.00625
1985-1986,1985,Boston Celtics,1.392301690831779,1.2944066847424178,0.817,1.0,1.0,0.0,0.58139737483781,2,5,0.7463414634146341,1,0.59775
1985-1986,1985,Chicago Bulls,-0.500199077352071,-0.4457559444146075,0.366,8.0,18.0,1.89250076818385,0.58139737483781,0,0,0.4195121951219512,0,0.0
1985-1986,1985,Dallas Mavericks,0.10699364779201127,0.10000934650327731,0.537,4.0,9.0,1.2853080430397676,0.58139737483781,0,0,0.4097560975609756,0,0.00185
1985-1986,1985,Denver Nuggets,0.2464266876513155,0.12715474055416687,0.573,3.0,8.0,1.1458750031804634,0.58139737483781,0,0,0.5317073170731708,0,0.0059
1985-1986,1985,Detroit Pistons,0.2586682955958522,0.2057335128067419,0.561,5.0,7.0,1.1336333952359268,0.58139737483781,0,1,0.4682926829268293,0,0.00145
1985-1986,1985,Houston Rockets,0.4362571121736599,0.30145674445987874,0.622,2.0,6.0,0.956044578658119,0.58139737483781,0,0,0.4317073170731707,0,0.02315
1985-1986,1985,Los Angeles Lakers,0.9955325054942429,0.977234185832024,0.756,1.0,2.0,0.396769185337536,0.58139737483781,2,3,0.6951219512195121,0,0.26795
1985-1986,1985,Milwaukee Bucks,0.7905442331713957,1.2415446015906855,0.695,2.0,3.0,0.6017574576603832,0.58139737483781,0,4,0.6707317073170732,0,0.0666
1985-1986,1985,New Jersey Nets,-0.05388115040392311,-0.1985899880565078,0.476,6.5,11.0,1.446182841235702,0.58139737483781,0,0,0.4975609756097561,0,5e-05
1985-1986,1985,Philadelphia 76ers,0.6443315485890148,0.3528901226615643,0.659,3.0,4.0,0.7479701422427641,0.58139737483781,1,4,0.7195121951219512,0,0.0275
1985-1986,1985,Portland Trail Blazers,-0.09378780633865762,0.08715100195285594,0.488,6.0,13.0,1.4860894971704366,0.58139737483781,0,0,0.5439024390243903,0,0.00035
1985-1986,1985,Sacramento Kings,-0.2153110881726192,-0.45575687906493517,0.451,7.0,14.0,1.6076127790043981,0.58139737483781,0,0,0.5,0,0.00015
1985-1986,1985,San Antonio Spurs,-0.3080495120053697,-0.2928845147595978,0.427,8.0,15.0,1.7003512028371486,0.58139737483781,0,0,0.5634146341463414,0,0.0001
1985-1986,1985,Utah Jazz,0.014804276484394684,-0.09572323165313687,0.512,5.0,10.0,1.3774974143473842,0.58139737483781,0,0,0.4121951219512195,0,0.00085
1985-1986,1985,Washington Bullets,-0.0671038279679774,-0.1828742336059928,0.476,6.5,12.0,1.4594055187997563,0.58139737483781,0,0,0.4853658536585366,0,0.0001
1986-1987,1986,Atlanta Hawks,0.847982122712603,1.0272388590836627,0.695,2.0,3.0,0.3582454596154805,0.6502062399748204,0,0,0.4878048780487805,0,0.12445
1986-1987,1986,Boston Celtics,0.9456314635136168,0.9400878571308068,0.72,1.0,2.0,0.26059611881446665,0.6502062399748204,3,6,0.758130081300813,0,0.19545
1986-1987,1986,Chicago Bulls,0.022541329363854255,0.181445528655946,0.488,8.0,12.0,1.1836862529642291,0.6502062399748204,0,0,0.4105691056910569,0,0.00025
1986-1987,1986,Dallas Mavericks,0.6348381170424974,0.7929312472759844,0.671,2.0,4.0,0.5713894652855861,0.6502062399748204,0,0,0.43089430894308944,0,0.05775
1986-1987,1986,Denver Nuggets,-0.23580487360309654,-0.16287236430533733,0.451,8.0,16.0,1.4420324559311801,0.6502062399748204,0,0,0.5386178861788617,0,5e-05
1986-1987,1986,Detroit Pistons,0.5735639139868316,0.5029041424164802,0.634,3.0,5.0,0.6326636683412519,0.6502062399748204,0,1,0.483739837398374,0,0.0293
1986-1987,1986,Golden State Warriors,0.006593050768768725,-0.36146235236184515,0.512,5.5,13.0,1.1996345315593147,0.6502062399748204,0,0,0.41260162601626016,0,0.00115
1986-1987,1986,Houston Rockets,0.0012992993517099384,0.08572229700280913,0.512,5.5,14.0,1.2049282829763734,0.6502062399748204,0,0,0.4634146341463415,0,0.0007
1986-1987,1986,Indiana Pacers,0.06998785812143143,-0.024287984150795923,0.5,7.0,11.0,1.136239724206652,0.6502062399748204,0,0,0.3516260162601626,0,0.0008
1986-1987,1986,Los Angeles Lakers,1.2062275823280835,1.1886825184389533,0.793,1.0,1.0,0.0,0.6502062399748204,2,4,0.7052845528455285,1,0.5588
1986-1987,1986,Milwaukee Bucks,0.4859153494700788,0.5771967998189148,0.61,4.0,6.0,0.7203122328580047,0.6502062399748204,0,5,0.6747967479674797,0,0.01585
1986-1987,1986,Philadelphia 76ers,0.23792360338109828,0.017144459400561824,0.549,5.0,8.0,0.9683039789469852,0.6502062399748204,1,5,0.709349593495935,0,0.00275
1986-1987,1986,Portland Trail Blazers,0.34288818884112776,0.3671771721620324,0.598,3.0,7.0,0.8633393934869558,0.6502062399748204,0,0,0.5345528455284553,0,0.00925
1986-1987,1986,Seattle SuperSonics,-0.13629743082499543,0.01142963960037455,0.476,7.0,15.0,1.3425250131530788,0.6502062399748204,0,0,0.483739837398374,0,0.00015
1986-1987,1986,Utah Jazz,0.09608182175874697,0.0071435247502340945,0.537,4.0,9.0,1.1101457605693366,0.6502062399748204,0,0,0.42886178861788615,0,0.00245
1986-1987,1986,Washington Bullets,0.09356171290956442,-0.1442991999547287,0.512,6.0,10.0,1.112665869418519,0.6502062399748204,0,0,0.483739837398374,0,0.00085
1987-1988,1987,Atlanta Hawks,0.49194835136469567,0.574339389918821,0.61,3.5,7.0,0.5414989962612258,0.6604159516961283,0,1,0.5174216027874564,0,0.03565
1987-1988,1987,Boston Celtics,0.8365934675347788,0.8786535442787936,0.695,1.0,2.0,0.19685388009114257,0.6604159516961283,3,7,0.7526132404181185,0,0.21795
1987-1988,1987,Chicago Bulls,0.48289456951677656,0.5371930612176038,0.61,3.5,8.0,0.5505527781091448,0.6604159516961283,0,0,0.42160278745644597,0,0.0307
1987-1988,1987,Cleveland Cavaliers,0.10224739085216927,0.1828742336059928,0.512,5.5,12.0,0.9311999567737521,0.6604159516961283,0,0,0.3310104529616725,0,0.002
1987-1988,1987,Dallas Mavericks,0.5601518993993342,0.5129050770668079,0.646,3.5,5.0,0.4732954482265872,0.6604159516961283,0,1,0.4651567944250871,0,0.0486
1987-1988,1987,Denver Nuggets,0.6111660432144217,0.4743300434155438,0.659,2.0,4.0,0.4222813044114997,0.6604159516961283,0,0,0.5261324041811847,0,0.06925
1987-1988,1987,Detroit Pistons,0.6868454967960158,0.7800729027255631,0.659,2.0,3.0,0.3466018508299056,0.6604159516961283,0,1,0.5052264808362369,0,0.11705
1987-1988,1987,Houston Rockets,0.21419840835230772,0.11715380590383913,0.561,6.0,10.0,0.8192489392736136,0.6604159516961283,0,0,0.47038327526132406,0,0.00345
1987-1988,1987,Indiana Pacers,-0.08614763265890968,-0.025716689100842738,0.463,8.0,15.0,1.119594980284831,0.6604159516961283,0,0,0.37282229965156793,0,0.0003
1987-1988,1987,Los Angeles Lakers,1.0334473476259214,0.6872070809725198,0.756,1.0,1.0,0.0,0.6604159516961283,3,5,0.7177700348432056,1,0.43045
1987-1988,1987,Milwaukee Bucks,0.12157890030059822,0.17287329895566508,0.512,5.5,11.0,0.9118684473253231,0.6604159516961283,0,5,0.6655052264808362,0,0.00225
1987-1988,1987,New York Knicks,-0.08247817416574121,0.020001869300655464,0.463,8.0,14.0,1.1159255217916626,0.6604159516961283,0,1,0.4268292682926829,0,0.00055
1987-1988,1987,Portland Trail Blazers,0.5453152109407611,0.5129050770668079,0.646,3.5,6.0,0.4881321366851603,0.6604159516961283,0,0,0.5435540069686411,0,0.0353
1987-1988,1987,San Antonio Spurs,-0.5163346399534687,-0.717209884923503,0.378,8.0,18.0,1.5497819875793901,0.6604159516961283,0,0,0.5121951219512195,0,0.0
1987-1988,1987,Seattle SuperSonics,0.0995995963970972,0.18430293855603963,0.537,7.0,13.0,0.9338477512288241,0.6604159516961283,0,0,0.48257839721254353,0,0.00175
1987-1988,1987,Utah Jazz,0.26276401639387154,0.4228966652138584,0.573,5.0,9.0,0.7706833312320498,0.6604159516961283,0,0,0.4442508710801394,0,0.00475
1987-1988,1987,Washington Bullets,-0.08705947964661102,-0.0228592792007491,0.463,8.0,16.0,1.1205068272725325,0.6604159516961283,0,0,0.4878048780487805,0,0.0
1988-1989,1988,Atlanta Hawks,0.6579149549319349,0.7514988037246266,0.634,3.5,4.0,0.6110507418596437,0.7080322675203747,0,2,0.5289634146341463,0,0.0372
1988-1989,1988,Boston Celtics,0.10423694290375426,0.18001682370589916,0.512,8.0,12.0,1.1647287538878244,0.7080322675203747,3,8,0.7454268292682927,0,0.00045
1988-1989,1988,Chicago Bulls,0.4251115583638575,0.3043141543599724,0.573,6.0,8.0,0.8438541384277211,0.7080322675203747,0,0,0.4451219512195122,0,0.0069
1988-1989,1988,Cleveland Cavaliers,0.9354661480190338,1.135820435287221,0.695,2.0,2.0,0.33349954877254473,0.7080322675203747,0,0,0.35365853658536583,0,0.1575
1988-1989,1988,Denver Nuggets,0.04839071773365543,0.1300121504542605,0.537,6.0,14.0,1.2205749790579232,0.7080322675203747,0,0,0.5426829268292683,0,0.00155
1988-1989,1988,Detroit Pistons,1.2689656967915786,0.891511888829215,0.768,1.0,1.0,0.0,0.7080322675203747,0,2,0.524390243902439,1,0.50275
1988-1989,1988,Golden State Warriors,0.042094504765366705,-0.08429359205276231,0.524,7.0,15.0,1.2268711920262119,0.7080322675203747,0,0,0.40396341463414637,0,0.00115
1988-1989,1988,Houston Rockets,0.09679093600151774,0.03143150890103001,0.549,5.0,13.0,1.1721747607900608,0.7080322675203747,0,0,0.4817073170731707,0,0.0023
1988-1989,1988,Los Angeles Lakers,0.742925173021598,0.9115137581298703,0.695,1.0,3.0,0.5260405237699806,0.7080322675203747,4,6,0.7225609756097561,0,0.1518
1988-1989,1988,Milwaukee Bucks,0.5187023505727875,0.5871977344692426,0.598,5.0,7.0,0.7502633462187911,0.7080322675203747,0,5,0.6463414634146342,0,0.01105
1988-1989,1988,New York Knicks,0.584177229379415,0.5186198968669952,0.634,3.5,6.0,0.6847884674121636,0.7080322675203747,0,1,0.43140243902439024,0,0.0206
1988-1989,1988,Philadelphia 76ers,0.31629932551471684,0.24002243160786554,0.561,7.0,10.0,0.9526663712768617,0.7080322675203747,1,5,0.6554878048780488,0,0.00345
1988-1989,1988,Phoenix Suns,0.6352880842327185,0.977234185832024,0.671,2.0,5.0,0.63367761255886,0.7080322675203747,0,2,0.5015243902439024,0,0.07575
1988-1989,1988,Portland Trail Blazers,-0.1659151610907592,0.13144085540430733,0.476,8.0,17.0,1.4348808578823378,0.7080322675203747,0,0,0.5564024390243902,0,0.00015
1988-1989,1988,Seattle SuperSonics,0.23930973656624768,0.34860400781142376,0.573,4.0,11.0,1.0296559602253308,0.7080322675203747,0,0,0.4893292682926829,0,0.0073
1988-1989,1988,Utah Jazz,0.39140305628987915,0.574339389918821,0.622,3.0,9.0,0.8775626405016994,0.7080322675203747,0,0,0.4603658536585366,0,0.0201
1989-1990,1989,Boston Celtics,0.49942946911024627,0.46147169886512246,0.634,4.0,9.0,0.7087482497888169,0.7514009162460282,3,8,0.7195121951219512,0,0.02105
1989-1990,1989,Chicago Bulls,0.694136031788521,0.39146515631282836,0.671,2.0,7.0,0.5140416871105422,0.7514009162460282,0,0,0.45934959349593496,0,0.07855
1989-1990,1989,Cleveland Cavaliers,0.03878341943517326,-0.08857970690290276,0.512,7.5,17.0,1.16939429946389,0.7514009162460282,0,1,0.3915989159891599,0,0.00045
1989-1990,1989,Dallas Mavericks,0.3403503251794862,0.060005607901966386,0.573,6.0,10.0,0.8678273937195771,0.7514009162460282,0,1,0.48509485094850946,0,0.00245
1989-1990,1989,Denver Nuggets,0.1209869379871349,0.22287797220730374,0.524,7.0,13.0,1.0871907809119283,0.7514009162460282,0,0,0.5420054200542005,0,0.00035
1989-1990,1989,Detroit Pistons,0.911894256131352,0.772929377975329,0.72,1.0,3.0,0.2962834627677112,0.7514009162460282,1,3,0.551490514905149,1,0.2118
1989-1990,1989,Indiana Pacers,0.038783419435173334,-0.025716689100842738,0.512,7.5,16.0,1.16939429946389,0.7514009162460282,0,0,0.3794037940379404,0,0.00045
1989-1990,1989,Los Angeles Lakers,1.2081777188990632,0.9629471363315559,0.768,1.0,1.0,0.0,0.7514009162460282,4,7,0.7195121951219512,0,0.372
1989-1990,1989,Milwaukee Bucks,0.13724353314146945,-0.1514427247049628,0.537,6.0,12.0,1.0709341857575938,0.7514009162460282,0,5,0.6409214092140921,0,0.00175
1989-1990,1989,New York Knicks,0.14599644777414547,0.11143898610365187,0.549,5.0,11.0,1.0621812711249177,0.7514009162460282,0,1,0.453929539295393,0,0.0014
1989-1990,1989,Philadelphia 76ers,0.5577001472998583,0.6043421938698044,0.646,3.0,8.0,0.6504775715992049,0.7514009162460282,1,5,0.6449864498644986,0,0.03215
1989-1990,1989,Phoenix Suns,0.7010266928700112,1.0129518095831944,0.659,5.0,6.0,0.507151026029052,0.7514009162460282,0,3,0.5203252032520326,0,0.022
1989-1990,1989,Portland Trail Blazers,0.992664054612264,0.9258008076303387,0.72,2.0,2.0,0.2155136642867992,0.7514009162460282,0,0,0.5474254742547425,0,0.1682
1989-1990,1989,San Antonio Spurs,0.8003176506140267,0.5114763721167611,0.683,3.0,4.0,0.4078600682850365,0.7514009162460282,0,0,0.46883468834688347,0,0.05835
1989-1990,1989,Utah Jazz,0.7430631315189574,0.6886357859225667,0.671,4.0,5.0,0.4651145873801058,0.7514009162460282,0,0,0.47831978319783197,0,0.029
1990-1991,1990,Atlanta Hawks,0.07964818691999176,0.10286675640337095,0.524,6.0,13.0,1.1179051592621554,0.662984548442428,0,2,0.5365853658536586,0,0.0008
1990-1991,1990,Boston Celtics,0.6960311492229884,0.7443552789743926,0.683,2.0,6.0,0.5015221969591587,0.662984548442428,3,8,0.7109756097560975,0,0.0827
1990-1991,1990,Chicago Bulls,1.0026313767172992,1.2244001421901238,0.744,1.0,2.0,0.19492196946484786,0.662984548442428,0,0,0.48048780487804876,1,0.2969
1990-1991,1990,Detroit Pistons,0.42004253837153754,0.43861241966437337,0.61,3.0,9.0,0.7775108078106094,0.662984548442428,2,4,0.5682926829268292,0,0.0174
1990-1991,1990,Golden State Warriors,0.17663194145713584,0.24573725140805283,0.537,7.0,11.0,1.0209214047250113,0.662984548442428,0,0,0.42073170731707316,0,0.00065
1990-1991,1990,Houston Rockets,0.5542647734489097,0.46718651866530975,0.634,6.0,8.0,0.6432885727332374,0.662984548442428,0,0,0.4902439024390244,0,0.01065
1990-1991,1990,Indiana Pacers,-0.01619737973186492,-0.05429078810177911,0.5,7.0,15.0,1.213750725914012,0.662984548442428,0,0,0.3926829268292683,0,0.0004
1990-1991,1990,Los Angeles Lakers,0.915891978358664,0.9615184313815092,0.707,2.0,3.0,0.28166136782348306,0.662984548442428,4,8,0.724390243902439,0,0.12235
1990-1991,1990,Milwaukee Bucks,0.3215098410587126,0.33145954841086195,0.585,4.0,10.0,0.8760435051234344,0.662984548442428,0,5,0.6304878048780488,0,0.00805
1990-1991,1990,New York Knicks,-0.13626475448880462,-0.06286301780206002,0.476,8.0,16.0,1.3338181006709517,0.662984548442428,0,1,0.4634146341463415,0,0.00015
1990-1991,1990,Philadelphia 76ers,0.10069513813132679,-0.055719493051825934,0.537,5.0,12.0,1.0968582080508202,0.662984548442428,1,5,0.6451219512195122,0,0.0014
1990-1991,1990,Phoenix Suns,0.746980243524458,0.9272295125803854,0.671,3.5,4.0,0.450573102657689,0.662984548442428,0,4,0.5341463414634147,0,0.0398
1990-1991,1990,Portland Trail Blazers,1.197553346182147,1.2101130926896557,0.768,1.0,1.0,0.0,0.662984548442428,0,1,0.5646341463414634,0,0.3729
1990-1991,1990,San Antonio Spurs,0.7235177841221759,0.6143431285201321,0.671,3.5,5.0,0.4740355620599711,0.662984548442428,0,0,0.4902439024390244,0,0.0293
1990-1991,1990,Seattle SuperSonics,0.024022147675471648,0.18716034845613327,0.5,8.0,14.0,1.1735311985066754,0.662984548442428,0,0,0.49878048780487805,0,5e-05
1990-1991,1990,Utah Jazz,0.662650171096091,0.4543281741148884,0.659,5.0,7.0,0.534903175086056,0.662984548442428,0,0,0.4975609756097561,0,0.0165
1991-1992,1991,Boston Celtics,0.48660626414071434,0.488617092916012,0.622,3.5,7.5,0.9358749732902631,0.6819145721868666,3,8,0.7084257206208425,0,0.01515
1991-1992,1991,Chicago Bulls,1.4224812374309774,1.4387058846971466,0.817,1.0,1.0,0.0,0.6819145721868666,1,1,0.5044345898004434,1,0.64355
1991-1992,1991,Cleveland Cavaliers,0.8192182119996733,0.7629284433250012,0.695,2.0,3.0,0.6032630254313042,0.6819145721868666,0,1,0.4035476718403548,0,0.09735
1991-1992,1991,Detroit Pistons,0.3469504569691494,0.2943132197096447,0.585,5.0,9.0,1.0755307804618282,0.6819145721868666,2,4,0.5720620842572062,0,0.00275
1991-1992,1991,Golden State Warriors,0.7272323933321723,0.5386217661676507,0.671,2.5,4.0,0.6952488440988052,0.6819145721868666,0,0,0.4312638580931264,0,0.0538
1991-1992,1991,Indiana Pacers,-0.05116761064683049,0.2643104157586615,0.488,6.5,16.0,1.4736488480778078,0.6819145721868666,0,0,0.4024390243902439,0,0.0004
1991-1992,1991,Los Angeles Clippers,0.22714728627979214,0.15715754450515007,0.549,7.0,12.0,1.1953339511511853,0.6819145721868666,0,0,0.30313588850174217,0,0.0022
1991-1992,1991,Los Angeles Lakers,0.13021318021561268,-0.13572697025444777,0.524,8.0,13.0,1.2922680572153649,0.6819145721868666,4,9,0.7228381374722838,0,0.00075
1991-1992,1991,New Jersey Nets,-0.049378717152116974,-0.2200205623072101,0.488,6.5,15.0,1.4718599545830944,0.6819145721868666,0,0,0.39356984478935697,0,5e-05
1991-1992,1991,New York Knicks,0.48660626414071434,0.5243347166671825,0.622,3.5,7.5,0.9358749732902631,0.6819145721868666,0,1,0.46452328159645234,0,0.00885
1991-1992,1991,Phoenix Suns,0.6238647594390843,0.8129331165766399,0.646,4.0,6.0,0.7986164779918932,0.6819145721868666,0,5,0.5465631929046563,0,0.0294
1991-1992,1991,Portland Trail Blazers,0.8331991046126365,0.9915212353324923,0.695,1.0,2.0,0.589282132818341,0.6819145721868666,0,2,0.5831485587583148,0,0.10335
1991-1992,1991,San Antonio Spurs,0.26077158991443017,0.4014660909631561,0.573,5.5,11.0,1.1617096475165472,0.6819145721868666,0,0,0.5066518847006651,0,0.0021
1991-1992,1991,Seattle SuperSonics,0.32462122763658047,0.2657391207087083,0.573,5.5,10.0,1.097860009794397,0.6819145721868666,0,0,0.49889135254988914,0,0.00365
1991-1992,1991,Utah Jazz,0.6710041638790978,0.8143618215266868,0.671,2.5,5.0,0.7514770735518796,0.6819145721868666,0,0,0.5121951219512195,0,0.03655
1992-1993,1992,Atlanta Hawks,0.12599072589245225,-0.09572323165313687,0.524,6.5,12.0,0.9646240610741754,0.6784643833291799,0,2,0.5294715447154471,0,0.00125
1992-1993,1992,Boston Celtics,0.3596474100939624,0.13286956035435415,0.585,4.0,9.0,0.7309673768726652,0.6784643833291799,3,8,0.7012195121951219,0,0.01005
1992-1993,1992,Charlotte Hornets,0.1824276030668494,-0.0028574099000936376,0.537,5.0,11.0,0.9081871838997781,0.6784643833291799,0,0,0.2926829268292683,0,0.00255
1992-1993,1992,Chicago Bulls,0.82833901890603,0.8843683640789809,0.695,2.0,3.0,0.2622757680605976,0.6784643833291799,2,2,0.5304878048780488,1,0.1235
1992-1993,1992,Cleveland Cavaliers,0.6710761139365945,0.9000841185294958,0.659,3.0,5.0,0.4195386730300331,0.6784643833291799,0,1,0.42784552845528456,0,0.05455
1992-1993,1992,Houston Rockets,0.6655413262501964,0.5100476671667142,0.671,2.5,6.0,0.42507346071643126,0.6784643833291799,0,0,0.5040650406504065,0,0.0629
1992-1993,1992,Los Angeles Clippers,0.007524184338661386,0.0457185584014982,0.5,7.0,16.0,1.0830906026279663,0.6784643833291799,0,0,0.33384146341463417,0,0.0003
1992-1993,1992,Los Angeles Lakers,-0.08970304810069274,-0.17144459400561826,0.476,8.0,18.0,1.1803178350673202,0.6784643833291799,4,9,0.7063008130081301,0,0.00015
1992-1993,1992,New Jersey Nets,0.10237198527396384,0.17144459400561826,0.524,6.5,13.0,0.9882428016926638,0.6784643833291799,0,0,0.4014227642276423,0,0.00075
1992-1993,1992,New York Knicks,0.9760575103519471,0.8386498056774826,0.732,1.0,2.0,0.11455727661468051,0.6784643833291799,0,1,0.47764227642276424,0,0.26975
1992-1993,1992,Phoenix Suns,1.0906147869666276,0.8957980036793554,0.756,1.0,1.0,0.0,0.6784643833291799,0,6,0.5548780487804879,0,0.3849
1992-1993,1992,Portland Trail Blazers,0.49822889274615934,0.4171818454136711,0.622,4.0,7.0,0.5923858942204683,0.6784643833291799,0,3,0.592479674796748,0,0.01575
1992-1993,1992,San Antonio Spurs,0.3735065760882899,0.31574379396034696,0.598,5.0,8.0,0.7171082108783378,0.6784643833291799,0,0,0.5121951219512195,0,0.0056
1992-1993,1992,Seattle SuperSonics,0.7034197673371716,0.9515174967311814,0.671,2.5,4.0,0.387195019629456,0.6784643833291799,0,0,0.5050813008130082,0,0.064
1992-1993,1992,Utah Jazz,0.27566742732343946,0.24859466130814648,0.573,6.0,10.0,0.8149473596431882,0.6784643833291799,0,1,0.5254065040650406,0,0.0033
1993-1994,1993,Atlanta Hawks,0.8135411146004563,0.7057802453231286,0.695,1.5,4.0,0.4059924564133288,0.7777706176679372,0,2,0.5290806754221389,0,0.14365
1993-1994,1993,Chicago Bulls,0.705886131094924,0.410038320663437,0.671,3.0,7.0,0.5136474399188611,0.7777706176679372,3,3,0.5431519699812383,0,0.05775
1993-1994,1993,Cleveland Cavaliers,0.2687396565549369,0.520048601817042,0.573,5.5,13.0,0.9507939144588482,0.7777706176679372,0,2,0.4455909943714822,0,0.0045
1993-1994,1993,Denver Nuggets,0.09395758756105685,0.2200205623072101,0.512,8.0,15.0,1.1255759834527284,0.7777706176679372,0,0,0.4906191369606004,0,0.0001
1993-1994,1993,Golden State Warriors,0.5018788470000318,0.2514520712082401,0.61,6.0,9.0,0.7176547240137533,0.7777706176679372,0,0,0.44840525328330205,0,0.00785
1993-1994,1993,Houston Rockets,0.925225522437134,0.5986273740696171,0.707,2.0,2.0,0.29430804857665116,0.7777706176679372,0,0,0.5168855534709194,1,0.13265
1993-1994,1993,Indiana Pacers,0.29920125822837484,0.4657578137152629,0.573,5.5,12.0,0.9203323127854103,0.7777706176679372,0,0,0.4165103189493433,0,0.005
1993-1994,1993,Miami Heat,0.03155360496976837,0.3428891880112365,0.512,8.0,16.0,1.1879799660440167,0.7777706176679372,0,0,0.3195121951219512,0,0.00075
1993-1994,1993,New Jersey Nets,0.19861938637627963,0.30145674445987874,0.549,7.0,14.0,1.0209141846375056,0.7777706176679372,0,0,0.41088180112570355,0,0.00145
1993-1994,1993,New York Knicks,0.8020719944464098,0.9258008076303387,0.695,1.5,5.0,0.41746157656737537,0.7777706176679372,0,1,0.4971857410881801,0,0.10935
1993-1994,1993,Orlando Magic,0.44424822206876546,0.5257634216172293,0.61,4.0,10.0,0.7752853489450197,0.7777706176679372,0,0,0.3384146341463415,0,0.01495
1993-1994,1993,Phoenix Suns,0.8176912913843765,0.6686339166219112,0.683,3.0,3.0,0.40184227962940866,0.7777706176679372,0,7,0.5703564727954972,0,0.0656
1993-1994,1993,Portland Trail Blazers,0.34930087856718467,0.3714632870121729,0.573,7.0,11.0,0.8702326924466004,0.7777706176679372,0,3,0.5947467166979362,0,0.0031
1993-1994,1993,San Antonio Spurs,0.7534743757875897,0.7214959997736434,0.671,4.0,6.0,0.46605919522619543,0.7777706176679372,0,0,0.5187617260787992,0,0.03425
1993-1994,1993,Seattle SuperSonics,1.2195335710137851,1.2401158966406387,0.768,1.0,1.0,0.0,0.7777706176679372,0,1,0.5178236397748592,0,0.404
1993-1994,1993,Utah Jazz,0.6577816131147151,0.5857690295191956,0.646,5.0,8.0,0.5617519578990701,0.7777706176679372,0,1,0.5290806754221389,0,0.01505
1994-1995,1994,Atlanta Hawks,0.008983854328854525,0.150014019754916,0.512,7.0,15.0,1.1504960581613195,0.6883019440639742,0,3,0.5409407665505227,0,0.00095
1994-1995,1994,Boston Celtics,-0.3320629436676798,-0.2743113504089892,0.427,8.0,18.0,1.4915428561578539,0.6883019440639742,3,8,0.6707317073170732,0,5e-05
1994-1995,1994,Charlotte Hornets,0.3955594967827675,0.40860961571339016,0.61,4.0,9.0,0.7639204157074065,0.6883019440639742,0,0,0.3678861788617886,0,0.0153
1994-1995,1994,Chicago Bulls,0.24002435904089867,0.6157718334701788,0.573,5.0,11.0,0.9194555534492753,0.6883019440639742,3,3,0.5522648083623694,0,0.0048
1994-1995,1994,Cleveland Cavaliers,0.0696093025812769,0.07857877225257504,0.524,6.0,13.0,1.089870609908897,0.6883019440639742,0,2,0.4547038327526132,0,0.00115
1994-1995,1994,Denver Nuggets,0.05108857774584174,0.13572697025444777,0.5,8.0,14.0,1.1083913347443324,0.6883019440639742,0,0,0.4921602787456446,0,0.0002
1994-1995,1994,Houston Rockets,0.3703716221626139,0.33145954841086195,0.573,6.0,10.0,0.7891082903275601,0.6883019440639742,1,0,0.5304878048780488,1,0.00225
1994-1995,1994,Indiana Pacers,0.5032053213860209,0.4786161582656843,0.634,3.0,7.0,0.6562745911041531,0.6883019440639742,0,0,0.42770034843205573,0,0.0297
1994-1995,1994,Los Angeles Lakers,0.39611872201345516,-0.0014287049500468188,0.585,5.0,8.0,0.7633611904767188,0.6883019440639742,4,9,0.6681184668989547,0,0.0033
1994-1995,1994,New York Knicks,0.6515993642345189,0.3971799761130156,0.671,2.0,6.0,0.5078805482556551,0.6883019440639742,0,2,0.5113240418118467,0,0.0729
1994-1995,1994,Orlando Magic,0.7507974426837131,0.9200859878301514,0.695,1.0,5.0,0.40868246980646095,0.6883019440639742,0,0,0.3926829268292683,0,0.1385
1994-1995,1994,Phoenix Suns,0.9722587226085854,0.5500514057680252,0.72,3.0,3.0,0.18722118988158865,0.6883019440639742,0,7,0.578397212543554,0,0.1299
1994-1995,1994,Portland Trail Blazers,0.19853695314408448,0.5414791760677443,0.537,7.0,12.0,0.9609429593460895,0.6883019440639742,0,3,0.5932055749128919,0,0.0007
1994-1995,1994,San Antonio Spurs,1.159479912490174,0.8429359205276231,0.756,1.0,1.0,0.0,0.6883019440639742,0,1,0.5296167247386759,0,0.33605
1994-1995,1994,Seattle SuperSonics,0.8617414921486961,1.1301056154870337,0.695,4.0,4.0,0.2977384203414779,0.6883019440639742,0,2,0.5357142857142857,0,0.06925
1994-1995,1994,Utah Jazz,1.0367543660595102,1.1072463362862845,0.732,2.0,2.0,0.1227255464306638,0.6883019440639742,0,1,0.5374564459930313,0,0.195
1995-1996,1995,Atlanta Hawks,0.26076634893402073,0.1828742336059928,0.561,6.5,11.0,1.5940658507442005,0.7606211123211168,0,3,0.5390243902439025,0,0.0001
1995-1996,1995,Chicago Bulls,1.854832199678221,1.6858718410552462,0.878,1.0,1.0,0.0,0.7606211123211168,3,3,0.5536585365853659,1,0.7619
1995-1996,1995,Cleveland Cavaliers,0.29666420022200224,0.3557475325616579,0.573,4.5,10.0,1.5581679994562188,0.7606211123211168,0,2,0.45934959349593496,0,0.0005
1995-1996,1995,Detroit Pistons,0.25813463983539214,0.35003271276147063,0.561,6.5,12.0,1.596697559842829,0.7606211123211168,2,4,0.5300813008130081,0,0.00025
1995-1996,1995,Houston Rockets,0.3387815005102985,0.23287890685763146,0.585,5.0,8.0,1.5160506991679226,0.7606211123211168,2,0,0.5333333333333333,0,0.0006
1995-1996,1995,Indiana Pacers,0.561548666869924,0.44289853451451383,0.634,3.0,7.0,1.2932835328082972,0.7606211123211168,0,0,0.44146341463414634,0,0.00215
1995-1996,1995,Los Angeles Lakers,0.5976918780068301,0.6014847839697107,0.646,4.0,6.0,1.257140321671391,0.7606211123211168,4,9,0.6626016260162602,0,0.0034
1995-1996,1995,Miami Heat,0.058683718605351834,0.20716221775678872,0.512,8.0,14.0,1.7961484810728692,0.7606211123211168,0,0,0.35714285714285715,0,0.0
1995-1996,1995,New York Knicks,0.29911007820213553,0.32002990881048743,0.573,4.5,9.0,1.5557221214760855,0.7606211123211168,0,2,0.5219512195121951,0,0.00035
1995-1996,1995,Orlando Magic,1.0120825243303786,0.7700719680752353,0.732,2.0,3.0,0.8427496753478425,0.7606211123211168,0,1,0.44308943089430897,0,0.04215
1995-1996,1995,Phoenix Suns,-0.011607583113128346,0.04000373860131093,0.5,7.0,16.0,1.8664397827913495,0.7606211123211168,0,7,0.5878048780487805,0,0.0
1995-1996,1995,Portland Trail Blazers,0.13766540679232758,0.31574379396034696,0.537,6.0,13.0,1.7171667928858936,0.7606211123211168,0,3,0.5894308943089431,0,0.00015
1995-1996,1995,Sacramento Kings,-0.11102062140180863,-0.37432069691226655,0.476,8.0,18.0,1.9658528210800297,0.7606211123211168,0,0,0.348780487804878,0,5e-05
1995-1996,1995,San Antonio Spurs,0.9286746305523765,0.8529368551779508,0.72,2.0,4.0,0.9261575691258446,0.7606211123211168,0,2,0.5447154471544715,0,0.0374
1995-1996,1995,Seattle SuperSonics,1.2328605942682627,1.055812958084599,0.78,1.0,2.0,0.6219716054099584,0.7606211123211168,0,3,0.5463414634146342,0,0.14235
1995-1996,1995,Utah Jazz,0.704951489936346,0.891511888829215,0.671,3.0,5.0,1.149880709741875,0.7606211123211168,0,2,0.5504065040650407,0,0.00865
1996-1997,1996,Atlanta Hawks,0.8451094513458579,0.7886451324258439,0.683,4.0,5.0,0.848247918592272,0.875587221714604,0,3,0.5403963414634146,0,0.01015
1996-1997,1996,Charlotte Hornets,0.7326978524340355,0.3043141543599724,0.659,5.5,10.0,0.9606595175040944,0.875587221714604,0,0,0.4146341463414634,0,0.0047
1996-1997,1996,Chicago Bulls,1.69335736993813,1.528714296550096,0.841,1.0,1.0,0.0,0.875587221714604,4,4,0.5739329268292683,1,0.5931
1996-1997,1996,Detroit Pistons,0.7481997869135041,0.7772154928254695,0.659,5.5,8.0,0.9451575830246258,0.875587221714604,2,4,0.5320121951219512,0,0.00585
1996-1997,1996,Houston Rockets,0.8035418689339348,0.5500514057680252,0.695,2.5,6.5,0.8898155010041952,0.875587221714604,2,0,0.5365853658536586,0,0.03225
1996-1997,1996,Los Angeles Clippers,-0.3153601505125477,-0.38003551671245384,0.439,8.0,18.0,2.0087175204506775,0.875587221714604,0,0,0.3384146341463415,0,0.0
1996-1997,1996,Los Angeles Lakers,0.7462934599781516,0.5229060117171357,0.683,4.0,9.0,0.9470639099599784,0.875587221714604,4,9,0.6615853658536586,0,0.0125
1996-1997,1996,Miami Heat,1.1359084680735025,0.7943599522260312,0.744,2.0,3.0,0.5574489018646274,0.875587221714604,0,0,0.37652439024390244,0,0.0905
1996-1997,1996,Minnesota Timberwolves,-0.10706792173197724,-0.260024300908521,0.488,6.5,16.0,1.8004252916701071,0.875587221714604,0,0,0.26480836236933797,0,0.0
1996-1997,1996,New York Knicks,0.9102040388297358,0.47290133846549703,0.695,3.0,4.0,0.7831533311083941,0.875587221714604,0,2,0.5251524390243902,0,0.0202
1996-1997,1996,Orlando Magic,0.2420731615634003,-0.010000934650327732,0.549,7.0,12.0,1.4512842083747297,0.875587221714604,0,1,0.4843205574912892,0,0.00015
1996-1997,1996,Phoenix Suns,-0.10706792173197727,0.030002803950983193,0.488,6.5,17.0,1.8004252916701071,0.875587221714604,0,7,0.5823170731707317,0,5e-05
1996-1997,1996,Portland Trail Blazers,0.3629397117775569,0.5086189622166675,0.598,5.0,11.0,1.330417658160573,0.875587221714604,0,3,0.5861280487804879,0,0.00085
1996-1997,1996,Seattle SuperSonics,0.8035418689339348,0.9872351204823518,0.695,2.5,6.5,0.8898155010041952,0.875587221714604,0,4,0.5609756097560976,0,0.02635
1996-1997,1996,Utah Jazz,1.2326703615645858,1.1386778451873145,0.78,1.0,2.0,0.46068700837354415,0.875587221714604,0,3,0.5579268292682927,0,0.2033
1996-1997,1996,Washington Bullets,0.18907850832006542,0.2528807761582869,0.537,8.0,13.0,1.5042788616180645,0.875587221714604,0,0,0.4192073170731707,0,5e-05
1997-1998,1997,Atlanta Hawks,0.5436630076450737,0.5500514057680252,0.61,5.0,10.0,0.6576624773160149,0.8910926316954576,0,3,0.5487804878048781,0,0.00705
1997-1998,1997,Charlotte Hornets,0.6025787425928221,0.35003271276147063,0.622,4.0,9.0,0.5987467423682665,0.8910926316954576,0,0,0.44173441734417346,0,0.01055
1997-1998,1997,Chicago Bulls,1.2013254849610886,1.0343823838338968,0.756,1.0,1.0,0.0,0.8910926316954576,5,5,0.5896700143472023,1,0.3149
1997-1998,1997,Cleveland Cavaliers,0.3859597824022738,0.43718371471432654,0.573,6.0,11.0,0.8153657025588148,0.8910926316954576,0,2,0.46915351506456243,0,0.0027
1997-1998,1997,Houston Rockets,-0.03689944888007895,-0.17430200390571188,0.5,8.0,18.0,1.2382249338411675,0.8910926316954576,2,0,0.5459110473457676,0,0.0
1997-1998,1997,Indiana Pacers,0.9696400561401474,0.8929405937792617,0.707,2.0,5.0,0.23168542882094123,0.8910926316954576,0,0,0.45480631276901007,0,0.1143
1997-1998,1997,Los Angeles Lakers,1.0738304260564178,0.9829490056322113,0.744,2.5,3.5,0.12749505890467083,0.8910926316954576,4,9,0.6628407460545194,0,0.1408
1997-1998,1997,Miami Heat,0.7937191346189153,0.7272108195738307,0.671,3.0,6.0,0.4076063503421733,0.8910926316954576,0,1,0.4173441734417344,0,0.03855
1997-1998,1997,Minnesota Timberwolves,0.1760213482712267,0.024287984150795923,0.549,7.0,13.0,1.0253041366898619,0.8910926316954576,0,0,0.2926829268292683,0,0.00035
1997-1998,1997,New Jersey Nets,0.16867108130282676,0.2700252355588487,0.524,7.5,15.0,1.0326544036582619,0.8910926316954576,0,0,0.4081779053084649,0,0.0003
1997-1998,1997,New York Knicks,0.1706156208023394,0.39146515631282836,0.524,7.5,14.0,1.030709864158749,0.8910926316954576,0,2,0.5351506456241033,0,0.0004
1997-1998,1997,Phoenix Suns,0.777662414786982,0.6343449978207876,0.683,4.5,7.5,0.42366307017410665,0.8910926316954576,0,7,0.5767575322812052,0,0.01975
1997-1998,1997,Portland Trail Blazers,0.22935476864625853,0.11858251085388595,0.561,6.0,12.0,0.9719707163148301,0.8910926316954576,0,3,0.5868005738880918,0,0.00045
1997-1998,1997,San Antonio Spurs,0.777662414786982,0.47147263351545016,0.683,4.5,7.5,0.42366307017410665,0.8910926316954576,0,3,0.5373027259684362,0,0.0195
1997-1998,1997,Seattle SuperSonics,1.0738304260564178,0.9043702333796363,0.744,2.5,3.5,0.12749505890467083,0.8910926316954576,0,5,0.5688665710186513,0,0.121
1997-1998,1997,Utah Jazz,1.1360825697716581,0.8186479363768272,0.756,1.0,2.0,0.06524291518943048,0.8910926316954576,0,4,0.5710186513629842,0,0.2094
1998-1999,1998,Atlanta Hawks,0.4907722648192166,0.4028947959132029,0.62,4.0,7.0,0.43653588932814474,0.6671041277289664,0,3,0.5521680216802168,0,0.02985
1998-1999,1998,Detroit Pistons,0.4117974927526925,0.5671958651685871,0.58,5.0,9.0,0.5155106613946688,0.6671041277289664,2,4,0.5345528455284553,0,0.01655
1998-1999,1998,Houston Rockets,0.3717817923199084,0.1985899880565078,0.62,4.5,10.0,0.555526361827453,0.6671041277289664,2,0,0.5433604336043361,0,0.01245
1998-1999,1998,Indiana Pacers,0.6683728457470182,0.551480110718072,0.66,2.0,6.0,0.2589353084003432,0.6671041277289664,0,1,0.46883468834688347,0,0.09645
1998-1999,1998,Los Angeles Lakers,0.47014206334919595,0.3814642216625006,0.62,4.5,8.0,0.4571660907981654,0.6671041277289664,4,10,0.6673441734417345,0,0.01715
1998-1999,1998,Miami Heat,0.67995474598793,0.7300682294739245,0.66,2.0,5.0,0.2473534081594313,0.6671041277289664,0,1,0.4426829268292683,0,0.09035
1998-1999,1998,Milwaukee Bucks,0.2583572091025164,0.2371650217077719,0.56,6.5,12.0,0.668950945044845,0.6671041277289664,0,5,0.5230352303523035,0,0.00525
1998-1999,1998,New York Knicks,0.23073138783487956,0.20716221775678872,0.54,8.0,13.0,0.6965767663124818,0.6671041277289664,0,2,0.5345528455284553,0,0.0042
1998-1999,1998,Orlando Magic,0.7098146614077143,0.44432723946456065,0.66,2.0,4.0,0.21749349273964702,0.6671041277289664,0,1,0.4932249322493225,0,0.10215
1998-1999,1998,Philadelphia 76ers,0.32237609554943564,0.3657484672119856,0.56,6.5,11.0,0.6049320585979256,0.6671041277289664,1,5,0.510840108401084,0,0.00795
1998-1999,1998,Phoenix Suns,0.1727243926104037,0.30717156426006603,0.54,6.5,15.0,0.7545837615369576,0.6671041277289664,0,7,0.5826558265582655,0,0.0022
1998-1999,1998,Portland Trail Blazers,0.7659389599860912,0.8100757066765463,0.7,3.0,3.0,0.16136919416127016,0.6671041277289664,0,3,0.5853658536585366,0,0.105
1998-1999,1998,Sacramento Kings,0.09160395176249425,-0.12715474055416687,0.54,6.5,16.0,0.8357042023848671,0.6671041277289664,0,0,0.3621013133208255,0,0.00115
1998-1999,1998,San Antonio Spurs,0.9273081541473613,1.017237924433335,0.74,1.5,1.0,0.0,0.6671041277289664,0,3,0.5453929539295393,1,0.2897
1998-1999,1998,Utah Jazz,0.9101616422362996,0.7915025423259376,0.74,1.5,2.0,0.017146511911061757,0.6671041277289664,0,4,0.5813008130081301,0,0.2192
1999-2000,1999,Charlotte Hornets,0.38221031806433575,0.3343169583109556,0.598,4.5,10.0,1.0862145462854902,0.6989984761603107,0,0,0.4632183908045977,0,0.0108
1999-2000,1999,Detroit Pistons,0.03612155092358644,0.1614436593552905,0.512,7.5,15.0,1.4323033134262395,0.6989984761603107,2,4,0.5360419397116645,0,0.00065
1999-2000,1999,Indiana Pacers,0.7366353055878666,0.5943412592194767,0.683,1.0,4.0,0.7317895587619593,0.6989984761603107,0,1,0.4750982961992136,0,0.1014
1999-2000,1999,Los Angeles Lakers,1.4684248643498259,1.2015408629893747,0.817,1.0,1.0,0.0,0.6989984761603107,4,10,0.6657929226736566,1,0.6189
1999-2000,1999,Miami Heat,0.5241096078256626,0.3928938612628752,0.634,2.0,7.0,0.9443152565241633,0.6989984761603107,0,2,0.45517241379310347,0,0.0349
1999-2000,1999,Milwaukee Bucks,0.025721399676225776,-0.0071435247502340945,0.512,7.5,16.0,1.4427034646736001,0.6989984761603107,0,5,0.5242463958060288,0,0.00095
1999-2000,1999,Minnesota Timberwolves,0.4864984872483137,0.3814642216625006,0.61,6.0,8.0,0.9819263771015122,0.6989984761603107,0,0,0.33248730964467005,0,0.0059
1999-2000,1999,New York Knicks,0.43912126808601876,0.18573164350608645,0.61,3.0,9.0,1.029303596263807,0.6989984761603107,0,2,0.5347313237221494,0,0.0191
1999-2000,1999,Philadelphia 76ers,0.3673013614293358,0.14572790490477552,0.598,4.5,11.0,1.10112350292049,0.6989984761603107,1,5,0.5124508519003932,0,0.00835
1999-2000,1999,Phoenix Suns,0.6419295875270781,0.7486413938245331,0.646,4.5,6.0,0.8264952768227478,0.6989984761603107,0,7,0.5812581913499345,0,0.0165
1999-2000,1999,Portland Trail Blazers,0.9695034361094326,0.9100850531798236,0.72,2.0,2.0,0.4989214282403933,0.6989984761603107,0,4,0.5891218872870249,0,0.12825
1999-2000,1999,Sacramento Kings,0.1846159129598122,0.4343263048142329,0.537,8.0,13.0,1.2838089513900137,0.6989984761603107,0,0,0.37007168458781364,0,0.00075
1999-2000,1999,San Antonio Spurs,0.6419295875270783,0.8472220353777635,0.646,4.5,5.0,0.8264952768227476,0.6989984761603107,1,4,0.5517693315858454,0,0.0144
1999-2000,1999,Seattle SuperSonics,0.2344194137087147,0.1671584791554778,0.549,7.0,12.0,1.2340054506411111,0.6989984761603107,0,6,0.5760157273918742,0,0.00105
1999-2000,1999,Toronto Raptors,0.1616059084023756,-0.06572042770215367,0.549,6.0,14.0,1.3068189559474503,0.6989984761603107,0,0,0.30405405405405406,0,0.0027
1999-2000,1999,Utah Jazz,0.7482001896338035,0.645774637421162,0.671,3.0,3.0,0.7202246747160224,0.6989984761603107,0,5,0.5865006553079948,0,0.0354
2000-2001,2000,Charlotte Hornets,0.17276884705510265,0.20716221775678872,0.561,6.0,16.0,0.7865913828629176,0.6927292306276384,0,0,0.47478991596638653,0,0.0075
2000-2001,2000,Dallas Mavericks,0.6937319975551023,0.6572042770215366,0.646,4.5,5.5,0.265628232362918,0.6927292306276384,0,1,0.40049751243781095,0,0.0559
2000-2001,2000,Indiana Pacers,-0.08255872833397722,-0.11001028115360505,0.5,8.0,19.0,1.0419189582519974,0.6927292306276384,0,1,0.48569651741293535,0,0.0009
2000-2001,2000,Los Angeles Lakers,0.8510124561508715,0.5343356513175103,0.683,2.0,2.0,0.10834777376714877,0.6927292306276384,5,11,0.6735074626865671,1,0.1428
2000-2001,2000,Miami Heat,0.3846919896433461,0.24573725140805283,0.61,3.0,11.0,0.5746682402746741,0.6927292306276384,0,2,0.47058823529411764,0,0.0339
2000-2001,2000,Milwaukee Bucks,0.4703176063933673,0.4471846493646543,0.634,2.0,9.0,0.489042623524653,0.6927292306276384,0,5,0.5236318407960199,0,0.06455
2000-2001,2000,Minnesota Timberwolves,0.3917455026851333,0.2585955959584742,0.573,8.0,10.0,0.567614727232887,0.6927292306276384,0,0,0.3586206896551724,0,0.0089
2000-2001,2000,New York Knicks,0.27866943609042255,0.2828835801092701,0.585,4.0,13.0,0.6806907938275977,0.6927292306276384,0,2,0.5385572139303483,0,0.0162
2000-2001,2000,Orlando Magic,0.02351827890096284,0.05429078810177911,0.524,7.0,18.0,0.9358419510170575,0.6927292306276384,0,1,0.503448275862069,0,0.0024
2000-2001,2000,Philadelphia 76ers,0.698859978012859,0.5186198968669952,0.683,1.0,4.0,0.26050025190516124,0.6927292306276384,1,5,0.5167910447761194,0,0.2051
2000-2001,2000,Phoenix Suns,0.5915865433153294,0.3757494018623133,0.622,6.0,7.0,0.36777368660269083,0.6927292306276384,0,8,0.5845771144278606,0,0.02815
2000-2001,2000,Portland Trail Blazers,0.5411486955750238,0.645774637421162,0.61,7.0,8.0,0.4182115343429965,0.6927292306276384,0,5,0.595771144278607,0,0.01755
2000-2001,2000,Sacramento Kings,0.7979588326830507,0.867223904678419,0.671,3.0,3.0,0.1614013972349696,0.6927292306276384,0,0,0.3814691151919866,0,0.10265
2000-2001,2000,San Antonio Spurs,0.9593602299180203,1.1315343204370805,0.707,1.0,1.0,0.0,0.6927292306276384,1,5,0.556592039800995,0,0.2501
2000-2001,2000,Toronto Raptors,0.23505947129753918,0.24145113655791237,0.573,5.0,15.0,0.724300758620481,0.6927292306276384,0,0,0.35714285714285715,0,0.0106
2000-2001,2000,Utah Jazz,0.6937319975551023,0.7143524750234094,0.646,4.5,5.5,0.265628232362918,0.6927292306276384,0,5,0.5907960199004975,0,0.0528
2001-2002,2001,Boston Celtics,0.34503132314280677,0.24859466130814648,0.598,3.0,9.0,0.715513462492869,0.5711637606518482,3,8,0.5792899408284023,0,0.03705
2001-2002,2001,Charlotte Hornets,0.10617360654796122,0.08143618215266867,0.537,4.5,13.0,0.9543711790877145,0.5711637606518482,0,0,0.4816247582205029,0,0.0092
2001-2002,2001,Dallas Mavericks,0.8366790079926573,0.6300588829706472,0.695,4.0,4.0,0.22386577764301852,0.5711637606518482,0,2,0.4124260355029586,0,0.1018
2001-2002,2001,Detroit Pistons,0.3975517427672758,0.24145113655791237,0.61,2.0,8.0,0.6629930428684,0.5711637606518482,2,4,0.527810650887574,0,0.0534
2001-2002,2001,Indiana Pacers,0.014856432446528066,-0.010000934650327732,0.512,7.5,16.0,1.0456883531891477,0.5711637606518482,0,1,0.4863905325443787,0,0.0033
2001-2002,2001,Los Angeles Lakers,0.891166489418904,1.0215240392834755,0.707,2.5,3.0,0.1693782962167718,0.5711637606518482,6,11,0.6739644970414201,1,0.1782
2001-2002,2001,Minnesota Timberwolves,0.47483022323034235,0.5114763721167611,0.61,5.0,6.0,0.5857145624053335,0.5711637606518482,0,0,0.37710084033613445,0,0.01105
2001-2002,2001,New Jersey Nets,0.4991204701231532,0.5243347166671825,0.634,1.0,5.0,0.5614243155125226,0.5711637606518482,0,0,0.40532544378698226,0,0.0932
2001-2002,2001,Orlando Magic,0.11851696847997303,0.17858811875585234,0.537,4.5,12.0,0.9420278171557027,0.5711637606518482,0,1,0.5052521008403361,0,0.0085
2001-2002,2001,Philadelphia 76ers,0.07060690354817986,0.181445528655946,0.524,6.0,14.0,0.9899378820874959,0.5711637606518482,1,5,0.5248520710059171,0,0.00395
2001-2002,2001,Portland Trail Blazers,0.4251743421385131,0.45718558401498205,0.598,6.0,7.0,0.6353704434971628,0.5711637606518482,0,5,0.5964497041420118,0,0.00895
2001-2002,2001,Sacramento Kings,1.0605447856356758,1.0872444669856292,0.744,1.0,1.0,0.0,0.5711637606518482,0,1,0.4,0,0.3374
2001-2002,2001,San Antonio Spurs,0.8911664894189041,0.8957980036793554,0.707,2.5,2.0,0.1693782962167717,0.5711637606518482,1,6,0.563905325443787,0,0.14685
2001-2002,2001,Seattle SuperSonics,0.22953412556598646,0.46290040381516934,0.549,7.0,10.0,0.8310106600696894,0.5711637606518482,0,6,0.5727810650887574,0,0.00195
2001-2002,2001,Toronto Raptors,0.021364966965273288,-0.10143805145332413,0.512,7.5,15.0,1.0391798186704024,0.5711637606518482,0,0,0.39565217391304347,0,0.00355
2001-2002,2001,Utah Jazz,0.1811409171723967,0.17144459400561826,0.537,8.0,11.0,0.8794038684632791,0.5711637606518482,0,6,0.593491124260355,0,0.00165
2002-2003,2002,Boston Celtics,0.09807227338891643,-0.10715287125351142,0.537,6.0,15.0,0.9406475818591312,0.6168587316342081,3,8,0.5801354401805869,0,0.00575
2002-2003,2002,Dallas Mavericks,1.0387198552480474,1.1301056154870337,0.732,1.5,2.0,2.220446049250313e-16,0.6168587316342081,0,3,0.4255079006772009,0,0.33125
2002-2003,2002,Detroit Pistons,0.3719338421542525,0.425754075113952,0.61,1.0,7.0,0.6667860130937951,0.6168587316342081,2,4,0.5316027088036117,0,0.0492
2002-2003,2002,Indiana Pacers,0.2736699028240685,0.39860868106306246,0.585,3.5,11.0,0.7650499524239791,0.6168587316342081,0,1,0.48758465011286684,0,0.02835
2002-2003,2002,Los Angeles Lakers,0.510923613054172,0.3871790414626879,0.61,5.5,6.0,0.5277962421938757,0.6168587316342081,7,12,0.6755079006772009,0,0.02035
2002-2003,2002,Milwaukee Bucks,-0.010031883944127786,-0.03428891880112365,0.512,7.5,17.0,1.0487517391921755,0.6168587316342081,0,5,0.5276523702031602,0,0.004
2002-2003,2002,Minnesota Timberwolves,0.560994004037636,0.3514614177115174,0.622,4.0,4.0,0.47772585121041167,0.6168587316342081,0,0,0.3955512572533849,0,0.0322
2002-2003,2002,New Jersey Nets,0.31847643093692146,0.6314875879206939,0.598,2.0,9.0,0.7202434243111262,0.6168587316342081,0,0,0.4159142212189616,0,0.04005
2002-2003,2002,New Orleans Hornets,0.22823600555150858,0.21716315240711645,0.573,5.0,12.0,0.8104838496965391,0.6168587316342081,0,0,0.5,0,0.01385
2002-2003,2002,Orlando Magic,-0.014214484139805516,-0.055719493051825934,0.512,7.5,18.0,1.0529343393878532,0.6168587316342081,0,1,0.5077369439071566,0,0.0031
2002-2003,2002,Philadelphia 76ers,0.284273169804734,0.2514520712082401,0.585,3.5,10.0,0.7544466854433136,0.6168587316342081,1,5,0.5248306997742663,0,0.0245
2002-2003,2002,Phoenix Suns,0.21682464561368658,0.22430667715735056,0.537,8.0,13.0,0.821895209634361,0.6168587316342081,0,8,0.5795711060948081,0,0.00205
2002-2003,2002,Portland Trail Blazers,0.5109236130541721,0.425754075113952,0.61,5.5,5.0,0.5277962421938756,0.6168587316342081,0,5,0.5965011286681715,0,0.01285
2002-2003,2002,Sacramento Kings,0.9823835864043842,0.9543749066312749,0.72,3.0,3.0,0.056336268843663495,0.6168587316342081,0,2,0.42070484581497797,0,0.17425
2002-2003,2002,San Antonio Spurs,1.0387198552480477,0.8072182967764526,0.732,1.5,1.0,0.0,0.6168587316342081,1,7,0.5705417607223476,1,0.2535
2002-2003,2002,Utah Jazz,0.36280582861044586,0.3957512711629688,0.573,7.0,8.0,0.6759140266376018,0.6168587316342081,0,6,0.5908577878103838,0,0.00475
2003-2004,2003,Boston Celtics,-0.3274649756155935,-0.28431228505931694,0.439,8.0,20.0,1.2690105636020845,0.5934603157870518,3,8,0.5779816513761468,0,0.00015
2003-2004,2003,Dallas Mavericks,0.6256568412547855,0.694350605722754,0.634,5.0,6.0,0.3158887467317055,0.5934603157870518,0,4,0.43905070118662354,0,0.0214
2003-2004,2003,Denver Nuggets,0.18708429284544964,0.23573631675772508,0.524,8.0,11.0,0.7544612951410414,0.5934603157870518,0,0,0.43473570658036675,0,0.0008
2003-2004,2003,Detroit Pistons,0.5616129296666641,0.7200672948235967,0.659,2.0,7.0,0.3799326583198269,0.5934603157870518,2,4,0.535059331175836,1,0.07315
2003-2004,2003,Houston Rockets,0.2828991367415967,0.32574472861067466,0.549,7.0,9.0,0.6586464512448943,0.5934603157870518,2,0,0.5299514301133297,0,0.0025
2003-2004,2003,Indiana Pacers,0.941545587986491,0.7043515403730817,0.744,1.0,1.0,0.0,0.5934603157870518,0,1,0.4919093851132686,0,0.4
2003-2004,2003,Los Angeles Lakers,0.8314481594442742,0.6214866532703661,0.683,3.0,4.0,0.11009742854221682,0.5934603157870518,7,12,0.6724230976794388,0,0.0889
2003-2004,2003,Memphis Grizzlies,0.5260064219078951,0.42146796026381156,0.61,6.0,8.0,0.41553916607859587,0.5934603157870518,0,0,0.3067484662576687,0,0.0113
2003-2004,2003,Miami Heat,-0.045622675305327806,-0.018573164350608646,0.512,4.0,14.0,0.9871682632918188,0.5934603157870518,0,2,0.46616541353383456,0,0.00245
2003-2004,2003,Milwaukee Bucks,-0.08617741408433113,0.060005607901966386,0.5,5.5,15.0,1.0277230020708221,0.5934603157870518,0,5,0.5269687162891047,0,0.0013
2003-2004,2003,Minnesota Timberwolves,0.9386253421098284,0.8372211007274358,0.707,1.0,2.0,0.0029202458766626194,0.5934603157870518,0,1,0.4116591928251121,0,0.1876
2003-2004,2003,New Jersey Nets,0.21298052955697266,0.2685965306088019,0.573,3.0,10.0,0.7285650584295184,0.5934603157870518,0,0,0.42363734484619536,0,0.0094
2003-2004,2003,New Orleans Hornets,-0.0926908205986313,-0.10286675640337095,0.5,5.5,16.0,1.0342364085851223,0.5934603157870518,0,0,0.5569620253164557,0,0.00105
2003-2004,2003,New York Knicks,-0.17870589370900178,-0.2814548751592233,0.476,7.0,19.0,1.1202514816954927,0.5934603157870518,0,2,0.5286177105831533,0,0.0002
2003-2004,2003,Sacramento Kings,0.779035373228727,0.772929377975329,0.671,4.0,5.0,0.16251021475776406,0.5934603157870518,0,3,0.43454038997214484,0,0.06165
2003-2004,2003,San Antonio Spurs,0.8846191737572411,1.0729574174851608,0.695,2.0,3.0,0.05692641422924993,0.5934603157870518,2,8,0.5774419859686994,0,0.13815
2004-2005,2004,Boston Celtics,0.22586342288990569,0.048575968301591846,0.549,4.5,13.0,0.9471304436183858,0.6656058611632808,3,8,0.5720930232558139,0,0.0061
2004-2005,2004,Chicago Bulls,0.33464340633646483,0.09286582175304323,0.573,3.0,10.0,0.8383504601718267,0.6656058611632808,6,6,0.5175801447776629,0,0.0148
2004-2005,2004,Dallas Mavericks,0.9608593865092567,0.835792395777389,0.707,3.0,3.0,0.2121344799990348,0.6656058611632808,0,4,0.44731404958677684,0,0.108
2004-2005,2004,Denver Nuggets,0.43618411598959467,0.3171724989103938,0.598,7.0,9.0,0.7368097505186968,0.6656058611632808,0,0,0.4385330578512397,0,0.00355
2004-2005,2004,Detroit Pistons,0.571965990452095,0.47290133846549703,0.659,2.0,6.0,0.6010278760561966,0.6656058611632808,3,5,0.5402892561983471,0,0.05535
2004-2005,2004,Houston Rockets,0.5042453437762622,0.6086283087199448,0.622,5.0,8.0,0.6687485227320293,0.6656058611632808,2,0,0.530749354005168,0,0.0095
2004-2005,2004,Indiana Pacers,0.2073437242455615,0.07000654255229412,0.537,6.0,14.0,0.96565014226273,0.6656058611632808,0,1,0.5025826446280992,0,0.0051
2004-2005,2004,Memphis Grizzlies,0.30855894670800954,0.3757494018623133,0.549,8.0,11.0,0.864434919800282,0.6656058611632808,0,0,0.40816326530612246,0,0.0021
2004-2005,2004,Miami Heat,0.8760318429007923,0.8229340512269676,0.72,1.0,4.0,0.29696202360749924,0.6656058611632808,0,2,0.4691164972634871,0,0.2294
2004-2005,2004,Philadelphia 76ers,0.1360310990229584,-0.15430013460505643,0.524,7.0,16.0,1.036962767485333,0.6656058611632808,1,5,0.5219638242894057,0,0.00315
2004-2005,2004,Phoenix Suns,1.1729938665082915,1.0115231046331477,0.756,1.0,1.0,0.0,0.6656058611632808,0,8,0.5681818181818182,0,0.35735
2004-2005,2004,Sacramento Kings,0.5168721548896958,0.3643197622619388,0.61,6.0,7.0,0.6561217116185957,0.6656058611632808,0,4,0.44729907773386035,0,0.0079
2004-2005,2004,San Antonio Spurs,1.019274766587208,1.120104680836706,0.72,2.0,2.0,0.15371909992108357,0.6656058611632808,2,9,0.5824289405684755,1,0.16135
2004-2005,2004,Seattle SuperSonics,0.6514025434426786,0.370034582062126,0.634,4.0,5.0,0.521591323065613,0.6656058611632808,0,6,0.562564632885212,0,0.0287
2004-2005,2004,Washington Wizards,0.23343939236526315,-0.10286675640337095,0.549,4.5,12.0,0.9395544741430284,0.6656058611632808,0,0,0.38191881918819187,0,0.0061
2005-2006,2005,Chicago Bulls,-0.04072403408584599,0.07286395245238776,0.5,6.5,17.0,1.2975006718613682,0.5953046506778733,6,6,0.5198412698412699,0,0.00035
2005-2006,2005,Cleveland Cavaliers,0.523695046888002,0.3100289741601597,0.61,3.0,6.0,0.7330815908875203,0.5953046506778733,0,2,0.4499504459861249,0,0.019
2005-2006,2005,Dallas Mavericks,1.100025267302679,0.851508150227904,0.732,2.0,3.0,0.15675137047284338,0.5953046506778733,0,5,0.4578790882061447,0,0.1589
2005-2006,2005,Denver Nuggets,0.2423065653318264,0.051433378201685476,0.537,7.5,11.0,1.014470072443696,0.5953046506778733,0,0,0.4449950445986125,0,0.00045
2005-2006,2005,Detroit Pistons,1.2567766377755223,0.8900831838791682,0.78,1.0,1.0,0.0,0.5953046506778733,3,5,0.5450941526263627,0,0.4594
2005-2006,2005,Indiana Pacers,-0.009663579096341284,0.23145020190758467,0.5,6.5,16.0,1.2664402168718636,0.5953046506778733,0,1,0.5039643211100099,0,0.00025
2005-2006,2005,Los Angeles Clippers,0.333786161415915,0.25002336625819327,0.573,5.0,9.0,0.9229904763596073,0.5953046506778733,0,0,0.33767772511848343,0,0.0022
2005-2006,2005,Los Angeles Lakers,0.256659143819388,0.36146235236184515,0.549,6.0,10.0,1.0001174939561344,0.5953046506778733,7,12,0.6623698562221121,0,0.00055
2005-2006,2005,Memphis Grizzlies,0.4029171792032566,0.5343356513175103,0.598,4.0,8.0,0.8538594585722656,0.5953046506778733,0,0,0.4434250764525994,0,0.004
2005-2006,2005,Miami Heat,0.5634195270848973,0.5129050770668079,0.634,2.0,5.0,0.693357110690625,0.5953046506778733,0,3,0.4842027920646583,1,0.027
2005-2006,2005,Milwaukee Bucks,0.0002460654069960438,-0.15287142965500963,0.488,8.0,15.0,1.2565305723685263,0.5953046506778733,0,5,0.5193260654112983,0,0.0
2005-2006,2005,New Jersey Nets,0.41070727253675166,0.1585862494551969,0.598,4.0,7.0,0.8460693652387706,0.5953046506778733,0,0,0.4333168071393158,0,0.00705
2005-2006,2005,Phoenix Suns,0.7357159123464528,0.7829303126256567,0.659,3.0,4.0,0.5210607254290694,0.5953046506778733,0,9,0.5758176412289395,0,0.0293
2005-2006,2005,Sacramento Kings,0.16356840965479533,0.23002149695753785,0.537,7.5,12.0,1.093208228120727,0.5953046506778733,0,4,0.455625,0,0.0005
2005-2006,2005,San Antonio Spurs,1.208273634981135,0.9558036115813219,0.768,1.0,2.0,0.04850300279438735,0.5953046506778733,3,10,0.5880019831432821,0,0.2905
2005-2006,2005,Washington Wizards,0.031108159169987718,0.22287797220730374,0.512,5.0,14.0,1.2256684786055345,0.5953046506778733,0,0,0.40384615384615385,0,0.00055
2006-2007,2006,Chicago Bulls,0.3889260559458172,0.645774637421162,0.598,3.0,7.0,1.1377616052129562,0.5635888870307048,6,6,0.5190657769304099,0,0.01955
2006-2007,2006,Cleveland Cavaliers,0.35044565452070897,0.4757587483655907,0.61,2.0,8.0,1.1762420066380646,0.5635888870307048,0,2,0.4561904761904762,0,0.01845
2006-2007,2006,Dallas Mavericks,1.5266876611587734,1.040097203634084,0.817,1.0,1.0,0.0,0.5635888870307048,0,6,0.4685714285714286,0,0.64495
2006-2007,2006,Denver Nuggets,0.19591973164766352,0.24145113655791237,0.549,6.0,10.0,1.33076792951111,0.5635888870307048,0,0,0.44857142857142857,0,0.00045
2006-2007,2006,Detroit Pistons,0.4853088907612175,0.5257634216172293,0.646,1.0,6.0,1.0413787703975559,0.5635888870307048,3,6,0.5542857142857143,0,0.0413
2006-2007,2006,Golden State Warriors,0.12157194150693243,-0.0014287049500468188,0.512,7.5,11.0,1.405115719651841,0.5635888870307048,0,0,0.40924249642686994,0,0.00025
2006-2007,2006,Houston Rockets,0.5508633772746282,0.7200672948235967,0.634,4.0,4.0,0.9758242838841452,0.5635888870307048,2,0,0.5297760838494521,0,0.0076
2006-2007,2006,Los Angeles Lakers,0.012033216814712538,0.03428891880112365,0.512,7.5,14.0,1.5146544443440608,0.5635888870307048,7,12,0.6579323487374941,0,0.00025
2006-2007,2006,Miami Heat,0.0776727129178163,-0.17287329895566508,0.537,5.0,12.0,1.4490149482409571,0.5635888870307048,1,3,0.49272349272349275,0,0.0018
2006-2007,2006,New Jersey Nets,-0.020859431922084542,-0.14287049500468188,0.5,6.5,15.0,1.547547093080858,0.5635888870307048,0,0,0.43973320628870893,0,0.001
2006-2007,2006,Orlando Magic,-0.1064232748552823,0.048575968301591846,0.488,8.0,18.0,1.6331109360140557,0.5635888870307048,0,1,0.4838235294117647,0,0.00055
2006-2007,2006,Phoenix Suns,1.1387692216227616,1.038668498684037,0.744,2.0,2.0,0.3879184395360118,0.5635888870307048,0,10,0.579047619047619,0,0.1745
2006-2007,2006,San Antonio Spurs,0.9310030827639643,1.1929686332890936,0.707,3.0,3.0,0.5956845783948091,0.5635888870307048,3,11,0.5950452596474511,1,0.06815
2006-2007,2006,Toronto Raptors,0.3265707479749077,0.08715100195285594,0.573,4.0,9.0,1.2001169131838658,0.5635888870307048,0,0,0.3870220162224797,0,0.01405
2006-2007,2006,Utah Jazz,0.5171203395185252,0.43718371471432654,0.622,5.0,5.0,1.0095673216402483,0.5635888870307048,0,6,0.5728571428571428,0,0.00625
2006-2007,2006,Washington Wizards,-0.05049667605344583,-0.11429639600374551,0.5,6.5,17.0,1.5771843372122192,0.5635888870307048,0,0,0.4164305949008499,0,0.0009
2007-2008,2007,Atlanta Hawks,-0.2528253907184731,-0.3186012038604406,0.451,8.0,19.0,1.5556361132322096,0.7430342541713374,0,3,0.48644924207625173,0,0.00015
2007-2008,2007,Boston Celtics,1.3028107225137364,1.3301243084935883,0.805,1.0,1.0,0.0,0.7430342541713374,3,8,0.5543328748280605,1,0.537
2007-2008,2007,Cleveland Cavaliers,0.2141493910383532,-0.07429265740243458,0.549,4.0,13.0,1.0886613314753832,0.7430342541713374,0,2,0.461961503208066,0,0.00185
2007-2008,2007,Dallas Mavericks,0.6041973884991643,0.6714913265220048,0.622,7.0,9.0,0.6986133340145722,0.7430342541713374,0,7,0.48166819431714025,0,0.0103
2007-2008,2007,Denver Nuggets,0.4798085673711003,0.5343356513175103,0.61,8.0,11.0,0.8230021551426361,0.7430342541713374,0,0,0.4523373052245646,0,0.0046
2007-2008,2007,Detroit Pistons,0.9335092552998597,0.9529462016812281,0.72,2.0,2.0,0.3693014672138767,0.7430342541713374,3,6,0.5577451879010082,0,0.13605
2007-2008,2007,Houston Rockets,0.8167853679575056,0.6900644908726135,0.671,4.5,6.0,0.48602535455623086,0.7430342541713374,2,1,0.5337001375515819,0,0.0401
2007-2008,2007,Los Angeles Lakers,0.8740317805551386,1.048669433334365,0.695,1.0,4.0,0.4287789419585978,0.7430342541713374,7,12,0.6524530032095369,0,0.07805
2007-2008,2007,New Orleans Hornets,0.872454635436924,0.7800729027255631,0.683,2.5,5.0,0.4303560870768124,0.7430342541713374,0,0,0.42386831275720166,0,0.06585
2007-2008,2007,Orlando Magic,0.5267715134744007,0.6843496710724262,0.634,3.0,10.0,0.7760392090393358,0.7430342541713374,0,1,0.4840499306518724,0,0.01465
2007-2008,2007,Philadelphia 76ers,-0.04829153045746849,0.027145394050889556,0.488,7.0,18.0,1.351102252971205,0.7430342541713374,1,5,0.5162769371847776,0,0.0001
2007-2008,2007,Phoenix Suns,0.8114239739230457,0.7343543443240648,0.671,4.5,7.0,0.49138674859069076,0.7430342541713374,0,11,0.5852428964252979,0,0.03495
2007-2008,2007,San Antonio Spurs,0.8858109967036651,0.7286395245238776,0.683,2.5,3.0,0.4169997258100713,0.7430342541713374,4,12,0.599266391563503,0,0.0578
2007-2008,2007,Toronto Raptors,-0.04196839277616474,0.3528901226615643,0.5,6.0,16.0,1.3447791152899011,0.7430342541713374,0,0,0.4031746031746032,0,0.00025
2007-2008,2007,Utah Jazz,0.697257023940614,0.9815203006821646,0.659,6.0,8.0,0.6055536985731225,0.7430342541713374,0,6,0.5747021081576535,0,0.0174
2007-2008,2007,Washington Wizards,0.09860573167660894,-0.08572229700280913,0.524,5.0,14.0,1.2042049908371275,0.7430342541713374,0,0,0.4251269035532995,0,0.0009
2008-2009,2008,Atlanta Hawks,0.34868628015129116,0.2428798415079592,0.573,4.0,11.0,1.0776891339461165,0.7552790864787575,0,3,0.48517042939353694,0,0.0019
2008-2009,2008,Boston Celtics,1.1319665224697393,1.0629564828348332,0.756,2.0,3.0,0.29440889162766837,0.7552790864787575,4,9,0.5634114007954043,0,0.12165
2008-2009,2008,Chicago Bulls,-0.019904519047494695,-0.0228592792007491,0.5,6.5,15.0,1.4462799331449023,0.7552790864787575,6,6,0.517683465959328,0,5e-05
2008-2009,2008,Cleveland Cavaliers,1.4263754140974076,1.2401158966406387,0.805,1.0,1.0,0.0,0.7552790864787575,0,2,0.4651060070671378,0,0.48885
2008-2009,2008,Dallas Mavericks,0.48639397403832707,0.24002243160786554,0.61,6.0,9.0,0.9399814400590806,0.7552790864787575,0,7,0.48674911660777387,0,0.0053
2008-2009,2008,Denver Nuggets,0.7060972712286673,0.4471846493646543,0.659,3.0,5.0,0.7202781428687404,0.7552790864787575,0,0,0.4580388692579505,0,0.02525
2008-2009,2008,Detroit Pistons,-0.04909282697840962,-0.051433378201685476,0.476,8.0,16.0,1.4754682410758173,0.7552790864787575,3,7,0.5636042402826855,0,0.0001
2008-2009,2008,Houston Rockets,0.6592368448723137,0.5329069463674634,0.646,5.0,7.0,0.7671385692250939,0.7552790864787575,2,1,0.5386654882898807,0,0.0109
2008-2009,2008,Los Angeles Lakers,1.206427861071545,1.0158092194832882,0.793,1.0,2.0,0.21994755302586255,0.7552790864787575,7,13,0.6539991162174105,1,0.25075
2008-2009,2008,Miami Heat,0.16552605555510816,0.07000654255229412,0.524,5.0,14.0,1.2608493585422995,0.7552790864787575,1,3,0.4791537025513379,0,0.0001
2008-2009,2008,New Orleans Hornets,0.40545491044307214,0.20144739795660144,0.598,7.0,10.0,1.0209205036543354,0.7552790864787575,0,0,0.48923076923076925,0,0.00235
2008-2009,2008,Orlando Magic,0.9987268330497128,0.9272295125803854,0.72,3.0,4.0,0.4276485810476949,0.7552790864787575,0,1,0.4921259842519685,0,0.0594
2008-2009,2008,Philadelphia 76ers,-0.050240545929563646,0.0228592792007491,0.5,6.5,17.0,1.4766159600269713,0.7552790864787575,1,5,0.5152452496685815,0,5e-05
2008-2009,2008,Portland Trail Blazers,0.6532291732358884,0.7143524750234094,0.659,3.0,8.0,0.7731462408615193,0.7552790864787575,0,5,0.5605123674911661,0,0.01785
2008-2009,2008,San Antonio Spurs,0.685527583643573,0.4800448632157311,0.659,3.0,6.0,0.7408478304538346,0.7552790864787575,4,12,0.6022978347326557,0,0.0146
2008-2009,2008,Utah Jazz,0.32490894340262794,0.3300308434608151,0.585,8.0,12.0,1.1014664706947797,0.7552790864787575,0,7,0.5777385159010601,0,0.0009
2009-2010,2009,Atlanta Hawks,0.5807035842023103,0.6343449978207876,0.646,3.0,8.0,0.3573177604521306,0.7021546401896508,0,3,0.4882528833831696,0,0.04125
2009-2010,2009,Boston Celtics,0.49683695209053,0.48147356816577797,0.61,4.0,10.0,0.44118439256391084,0.7021546401896508,4,10,0.5701492537313433,0,0.0266
2009-2010,2009,Charlotte Bobcats,0.13280550239512956,0.18573164350608645,0.537,7.0,15.0,0.8052158422593113,0.7021546401896508,0,0,0.35121951219512193,0,0.00115
2009-2010,2009,Chicago Bulls,0.04573926247825307,-0.23287890685763146,0.5,8.0,17.0,0.8922820821761878,0.7021546401896508,6,6,0.5170648464163823,0,0.0012
2009-2010,2009,Cleveland Cavaliers,0.9380213446544409,0.8815109541788871,0.744,1.0,1.0,0.0,0.7021546401896508,0,3,0.47698209718670076,0,0.2797
2009-2010,2009,Dallas Mavericks,0.766608356171933,0.3814642216625006,0.671,2.0,4.0,0.17141298848250786,0.7021546401896508,0,7,0.49104859335038364,0,0.0973
2009-2010,2009,Denver Nuggets,0.6333728906429338,0.5929125542694299,0.646,4.5,6.0,0.3046484540115071,0.7021546401896508,0,0,0.46504688832054564,0,0.03935
2009-2010,2009,Los Angeles Lakers,0.8447194101610445,0.6829209661223794,0.695,1.0,3.0,0.09330193449339641,0.7021546401896508,8,14,0.6588486140724946,1,0.13785
2009-2010,2009,Miami Heat,0.21795122596507838,0.28574099000936376,0.573,5.0,13.0,0.7200701186893625,0.7021546401896508,1,3,0.48134991119005327,0,0.00345
2009-2010,2009,Milwaukee Bucks,0.20965168687407007,0.19716128310646097,0.561,6.0,14.0,0.7283696577803708,0.7021546401896508,0,5,0.5012787723785166,0,0.0035
2009-2010,2009,Oklahoma City Thunder,0.4816045310689065,0.5071902572666207,0.61,7.0,12.0,0.4564168135855344,0.7021546401896508,0,0,0.2804878048780488,0,0.0177
2009-2010,2009,Orlando Magic,0.9345846665070527,1.017237924433335,0.72,2.0,2.0,0.003436678147388128,0.7021546401896508,0,2,0.5037359900373599,0,0.23665
2009-2010,2009,Phoenix Suns,0.6028010191370848,0.6686339166219112,0.659,3.0,7.0,0.33522032551735603,0.7021546401896508,0,11,0.587382779198636,0,0.0421
2009-2010,2009,Portland Trail Blazers,0.5080806088644103,0.4543281741148884,0.61,7.0,9.0,0.42994073579003056,0.7021546401896508,0,5,0.5639386189258312,0,0.0143
2009-2010,2009,San Antonio Spurs,0.4870010437664071,0.7243534096737372,0.61,7.0,11.0,0.45102030088803374,0.7021546401896508,4,12,0.6042643923240938,0,0.01325
2009-2010,2009,Utah Jazz,0.6876734750223016,0.7614997383749544,0.646,4.5,5.0,0.2503478696321393,0.7021546401896508,0,7,0.578005115089514,0,0.04465
2010-2011,2010,Atlanta Hawks,0.09118672410276886,-0.15715754450515007,0.537,5.0,14.0,1.0482538847196456,0.6969817358964391,0,3,0.4936029715229055,0,0.0006
2010-2011,2010,Boston Celtics,0.6804241204461664,0.6900644908726135,0.683,3.0,7.0,0.4590164883762481,0.6969817358964391,4,10,0.5714874330449115,0,0.04265
2010-2011,2010,Chicago Bulls,0.9873180499776303,0.9329443323805727,0.756,1.0,2.0,0.1521225588447842,0.6969817358964391,6,6,0.5164880461665292,0,0.2516
2010-2011,2010,Dallas Mavericks,0.9123799596404375,0.6300588829706472,0.695,2.5,3.0,0.227060649181977,0.6969817358964391,0,7,0.4971169686985173,1,0.1205
2010-2011,2010,Denver Nuggets,0.48731914333247556,0.6872070809725198,0.61,5.0,9.0,0.652121465489939,0.6969817358964391,0,0,0.471169686985173,0,0.00745
2010-2011,2010,Indiana Pacers,-0.14375780253282738,-0.19573257815641418,0.451,8.0,19.0,1.283198411355242,0.6969817358964391,0,1,0.492998352553542,0,0.0001
2010-2011,2010,Los Angeles Lakers,0.8324878576462567,0.8586516749781381,0.695,2.5,5.0,0.30695275117615783,0.6969817358964391,9,14,0.6600741656365884,0,0.068
2010-2011,2010,Memphis Grizzlies,0.29926193406452534,0.3643197622619388,0.561,7.5,12.0,0.8401786747578892,0.6969817358964391,0,0,0.4097693351424695,0,0.00145
2010-2011,2010,Miami Heat,0.8855148411584057,0.9658045462316495,0.707,2.0,4.0,0.25392576766400876,0.6969817358964391,1,3,0.48560135516657255,0,0.1407
2010-2011,2010,New Orleans Hornets,0.3683269075194417,0.1828742336059928,0.561,7.5,11.0,0.7711137013029727,0.6969817358964391,0,0,0.5010224948875256,0,0.00275
2010-2011,2010,New York Knicks,0.02995802145633493,0.0685778376022473,0.512,6.0,15.0,1.1094825873660796,0.6969817358964391,0,2,0.4909315746084089,0,0.00025
2010-2011,2010,Oklahoma City Thunder,0.7742853884525633,0.544336585967838,0.671,4.0,6.0,0.36515522036985115,0.6969817358964391,0,0,0.4451219512195122,0,0.0446
2010-2011,2010,Orlando Magic,0.5821369223377173,0.7029228354230348,0.634,4.0,8.0,0.5573036864846972,0.6969817358964391,0,3,0.514218009478673,0,0.02475
2010-2011,2010,Philadelphia 76ers,-0.03778303791649459,0.1442991999547287,0.5,7.0,18.0,1.177223646738909,0.6969817358964391,1,5,0.5084466419447878,0,0.00025
2010-2011,2010,Portland Trail Blazers,0.4120748676247718,0.2643104157586615,0.585,6.0,10.0,0.7273657411976426,0.6969817358964391,0,5,0.5654859967051071,0,0.0035
2010-2011,2010,San Antonio Spurs,1.1394406088224145,0.8372211007274358,0.744,1.0,1.0,0.0,0.6969817358964391,4,13,0.6044499381953028,0,0.29085
2011-2012,2011,Atlanta Hawks,0.43782417453683675,0.3814642216625006,0.606,4.0,9.0,0.769370750259146,0.689564273787671,0,3,0.49500998003992014,0,0.0087
2011-2012,2011,Boston Celtics,0.4279021833780018,0.322887318710581,0.591,5.0,11.0,0.779292741417981,0.689564273787671,4,10,0.5751295336787565,0,0.0062
2011-2012,2011,Chicago Bulls,1.112169487806526,1.0615277778847862,0.758,1.0,2.0,0.09502543698945676,0.689564273787671,6,7,0.5243221690590112,0,0.30395
2011-2012,2011,Dallas Mavericks,0.3801387481278817,0.25430948110833373,0.545,7.5,12.0,0.827056176668101,0.689564273787671,1,7,0.503585657370518,0,0.0024
2011-2012,2011,Denver Nuggets,0.4291284104542139,0.45147076421479476,0.576,6.0,10.0,0.7780665143417689,0.689564273787671,0,0,0.4756972111553785,0,0.00465
2011-2012,2011,Indiana Pacers,0.5501760189906542,0.370034582062126,0.636,3.0,7.0,0.6570189058053286,0.689564273787671,0,1,0.49163346613545816,0,0.01985
2011-2012,2011,Los Angeles Clippers,0.542563262507151,0.4028947959132029,0.606,5.0,8.0,0.6646316622888317,0.689564273787671,0,0,0.3486238532110092,0,0.0091
2011-2012,2011,Los Angeles Lakers,0.6330387504866551,0.2800261702091765,0.621,3.5,5.0,0.5741561743093276,0.689564273787671,9,15,0.6612196094061379,0,0.02035
2011-2012,2011,Memphis Grizzlies,0.6235114084564364,0.347175302861377,0.621,3.5,6.0,0.5836835163395464,0.689564273787671,0,0,0.4249084249084249,0,0.017
2011-2012,2011,Miami Heat,0.8931498260340804,0.8172192314267803,0.697,2.0,4.0,0.31404509876190234,0.689564273787671,1,4,0.4954128440366973,1,0.1214
2011-2012,2011,New York Knicks,0.13160927403841904,0.3414604830611897,0.545,7.0,18.0,1.0755856507575636,0.689564273787671,0,2,0.4916267942583732,0,0.00065
2011-2012,2011,Oklahoma City Thunder,1.0246906327326624,0.9200859878301514,0.712,2.0,3.0,0.18250429206332042,0.689564273787671,0,0,0.5203252032520326,0,0.1596
2011-2012,2011,Orlando Magic,0.2320924785703694,0.06572042770215367,0.561,6.0,14.0,0.9751024462256134,0.689564273787671,0,3,0.519774011299435,0,0.0017
2011-2012,2011,Philadelphia 76ers,0.15038682496334174,0.5129050770668079,0.53,8.0,17.0,1.056808099832641,0.689564273787671,1,5,0.5081705858907931,0,0.0008
2011-2012,2011,San Antonio Spurs,1.2071949247959828,1.040097203634084,0.758,1.0,1.0,0.0,0.689564273787671,4,14,0.6090075727381427,0,0.3219
2011-2012,2011,Utah Jazz,0.30460243531059067,0.13144085540430733,0.545,7.5,13.0,0.9025924894853921,0.689564273787671,0,8,0.5768924302788845,0,0.00175
2012-2013,2012,Atlanta Hawks,0.16220245973359823,-0.010000934650327732,0.537,6.0,15.0,1.1915787099917081,0.6738444958378489,0,3,0.4978607545702061,0,0.00105
2012-2013,2012,Boston Celtics,-0.035879701631509366,-0.08857970690290276,0.506,7.0,17.0,1.3896608713568157,0.6738444958378489,4,10,0.5755339805825243,0,0.00015
2012-2013,2012,Brooklyn Nets,0.39257610844563595,0.17858811875585234,0.598,4.0,9.0,0.9612050612796704,0.6738444958378489,0,0,0.5,0,0.00515
2012-2013,2012,Chicago Bulls,0.1670072681806907,-0.0014287049500468188,0.549,5.0,14.0,1.1867739015446157,0.6738444958378489,6,8,0.5303030303030303,0,0.00105
2012-2013,2012,Denver Nuggets,0.9266607342381298,0.7672145581751417,0.695,3.0,4.0,0.4271204354871766,0.6738444958378489,0,0,0.4782608695652174,0,0.0647
2012-2013,2012,Golden State Warriors,0.4035602839386778,0.1885890534061801,0.573,6.0,8.0,0.9502208857866286,0.6738444958378489,0,0,0.4128155339805825,0,0.00205
2012-2013,2012,Houston Rockets,0.3046967780539082,0.5271921265672761,0.549,7.5,11.0,1.049084391671398,0.6738444958378489,2,1,0.5401941747572816,0,0.00075
2012-2013,2012,Indiana Pacers,0.3742577300749698,0.47718745331563744,0.605,3.0,10.0,0.9795234396503365,0.6738444958378489,0,1,0.4953416149068323,0,0.00765
2012-2013,2012,Los Angeles Clippers,0.8426110529139745,0.9186572828801044,0.683,4.5,6.0,0.5111701168113318,0.6738444958378489,0,0,0.3561887800534283,0,0.0312
2012-2013,2012,Los Angeles Lakers,0.2973871327994346,0.2114483326069292,0.549,7.5,12.0,1.0563940369258717,0.6738444958378489,9,15,0.6601941747572816,0,0.00055
2012-2013,2012,Memphis Grizzlies,0.8548921782679838,0.6186292433702726,0.683,4.5,5.0,0.4988889914573226,0.6738444958378489,0,0,0.43954802259887005,0,0.03045
2012-2013,2012,Miami Heat,1.3537811697253064,1.0043795798829136,0.805,1.0,1.0,0.0,0.6738444958378489,2,5,0.5023449713392392,1,0.57695
2012-2013,2012,Milwaukee Bucks,-0.20082765672985,-0.260024300908521,0.463,8.0,18.0,1.5546088264551563,0.6738444958378489,0,5,0.5,0,0.0
2012-2013,2012,New York Knicks,0.6149373282271013,0.5329069463674634,0.659,2.0,7.0,0.738843841498205,0.6738444958378489,0,2,0.493006993006993,0,0.03465
2012-2013,2012,Oklahoma City Thunder,1.0731108523519926,1.3072650292928392,0.732,1.0,2.0,0.2806703173733138,0.6738444958378489,0,1,0.5608974358974359,0,0.1475
2012-2013,2012,San Antonio Spurs,0.9841286720727243,0.9529462016812281,0.707,2.0,3.0,0.3696524976525821,0.6738444958378489,4,15,0.6128155339805825,0,0.09615
2013-2014,2013,Atlanta Hawks,-0.14564634778807073,-0.12572603560412005,0.463,8.0,18.0,1.3751765521083634,0.7064427305777338,0,3,0.49905767056162836,0,0.0005
2013-2014,2013,Brooklyn Nets,0.06812885637659666,-0.22573538210739738,0.537,5.5,14.0,1.161401347943696,0.7064427305777338,0,0,0.5975609756097561,0,0.00225
2013-2014,2013,Charlotte Bobcats,0.01528276759866224,-0.12715474055416687,0.524,7.0,16.0,1.2142474367216305,0.7064427305777338,0,0,0.3462603878116344,0,0.001
2013-2014,2013,Chicago Bulls,0.31161698436655705,0.17001588905557144,0.585,3.5,12.0,0.9179132199537356,0.7064427305777338,6,8,0.5308734939759037,0,0.0148
2013-2014,2013,Dallas Mavericks,0.4692057981659321,0.41432443551357745,0.598,8.0,10.0,0.7603244061543606,0.7064427305777338,1,7,0.5045146726862303,0,0.0042
2013-2014,2013,Golden State Warriors,0.5192632271143108,0.7357830492741118,0.622,6.0,9.0,0.7102669772059819,0.7064427305777338,0,0,0.4177643959352653,0,0.00905
2013-2014,2013,Houston Rockets,0.7888471948236198,0.7229247047236903,0.659,4.5,4.0,0.44068300949667294,0.7064427305777338,2,1,0.5404591644712081,0,0.0412
2013-2014,2013,Indiana Pacers,0.6893213406809368,0.5186198968669952,0.683,1.0,6.0,0.5402088636393559,0.7064427305777338,0,1,0.4986827248776816,0,0.1343
2013-2014,2013,Los Angeles Clippers,0.872631052450432,1.038668498684037,0.695,3.0,3.0,0.35689915186986065,0.7064427305777338,0,1,0.36769759450171824,0,0.08505
2013-2014,2013,Memphis Grizzlies,0.532742205011555,0.3100289741601597,0.61,7.0,8.0,0.6967879993087377,0.7064427305777338,0,0,0.46018614270941055,0,0.0077
2013-2014,2013,Miami Heat,0.6788195484838325,0.5929125542694299,0.659,2.0,7.0,0.5507106558364602,0.7064427305777338,3,6,0.5147426286856571,0,0.10855
2013-2014,2013,Oklahoma City Thunder,1.0462774568287105,0.9500887917811346,0.72,2.0,2.0,0.18325274749158216,0.7064427305777338,0,2,0.5964467005076142,0,0.1893
2013-2014,2013,Portland Trail Blazers,0.7236480222675209,0.6329162928707407,0.659,4.5,5.0,0.5058821820527718,0.7064427305777338,0,5,0.5575620767494357,0,0.02745
2013-2014,2013,San Antonio Spurs,1.2295302043202927,1.1415352550874083,0.756,1.0,1.0,0.0,0.7064427305777338,4,16,0.6157320286036884,1,0.3664
2013-2014,2013,Toronto Raptors,0.20015729946345262,0.3643197622619388,0.585,3.5,13.0,1.02937290485684,0.7064427305777338,0,0,0.4039408866995074,0,0.00705
2013-2014,2013,Washington Wizards,-0.001515006078092096,0.06714913265220047,0.537,5.5,17.0,1.2310452103983849,0.7064427305777338,0,0,0.3916139240506329,0,0.0012
2014-2015,2014,Atlanta Hawks,0.9420981157692312,0.6786348512722389,0.732,1.0,2.0,0.5458030248522763,0.7288340348063772,0,3,0.4979890310786106,0,0.202
2014-2015,2014,Boston Celtics,-0.11285594641377565,-0.057148198001872756,0.488,7.0,18.0,1.6007570870352832,0.7288340348063772,4,10,0.5653761869978087,0,0.00015
2014-2015,2014,Chicago Bulls,0.40878792123156565,0.362891057311892,0.61,3.0,10.0,1.0791132193899418,0.7288340348063772,6,8,0.5325054784514244,0,0.0151
2014-2015,2014,Cleveland Cavaliers,0.5853902684151755,0.5829116196191021,0.646,2.0,7.0,0.902510872206332,0.7288340348063772,0,4,0.4660583941605839,0,0.0393
2014-2015,2014,Dallas Mavericks,0.5375225868125373,0.4800448632157311,0.61,7.0,9.0,0.9503785538089702,0.7288340348063772,1,7,0.5072992700729927,0,0.0064
2014-2015,2014,Golden State Warriors,1.4879011406215075,1.4301336549968655,0.817,1.0,1.0,0.0,0.7288340348063772,0,1,0.4238773274917853,1,0.57575
2014-2015,2014,Houston Rockets,0.8466094635068614,0.5457652909178847,0.683,2.5,3.0,0.6412916771146461,0.7288340348063772,2,1,0.5439941584519897,0,0.0527
2014-2015,2014,Los Angeles Clippers,0.8399572945432188,0.9715193660318368,0.683,2.5,4.0,0.6479438460782887,0.7288340348063772,0,2,0.3788381742738589,0,0.05045
2014-2015,2014,Memphis Grizzlies,0.785215178520817,0.5171911919169484,0.671,4.5,5.0,0.7026859621006905,0.7288340348063772,0,0,0.4718779790276454,0,0.0234
2014-2015,2014,Milwaukee Bucks,-0.05710572490110917,-0.012858344550421369,0.5,6.0,16.0,1.5450068655226166,0.7288340348063772,0,5,0.4894160583941606,0,0.00025
2014-2015,2014,Portland Trail Blazers,0.5498310876721344,0.6300588829706472,0.622,6.0,8.0,0.9380700529493731,0.7288340348063772,0,5,0.5605839416058395,0,0.00635
2014-2015,2014,San Antonio Spurs,0.7754909510096405,0.9057989383296831,0.671,4.5,6.0,0.712410189611867,0.7288340348063772,5,17,0.619934282584885,0,0.019
2014-2015,2014,Toronto Raptors,0.34497016188576207,0.35003271276147063,0.598,4.0,11.0,1.1429309787357453,0.7288340348063772,0,0,0.4138389886892881,0,0.00645
2014-2015,2014,Washington Wizards,0.19424061241337193,0.024287984150795923,0.561,5.0,14.0,1.2936605282081355,0.7288340348063772,0,0,0.40044576523031206,0,0.002
2015-2016,2015,Atlanta Hawks,0.3578982476303675,0.49861802756633977,0.585,4.5,7.0,1.601569017189005,0.7708682941884749,0,4,0.5047923322683706,0,0.00255
2015-2016,2015,Boston Celtics,0.31788543405791336,0.4057522058132965,0.585,4.5,10.0,1.641581830761459,0.7708682941884749,4,10,0.5631205673758866,0,0.0019
2015-2016,2015,Charlotte Hornets,0.3191369766317237,0.33717436821104924,0.585,4.5,9.0,1.6403302881876485,0.7708682941884749,0,0,0.47996661101836396,0,0.0016
2015-2016,2015,Cleveland Cavaliers,0.7855412212998905,0.7772154928254695,0.695,1.0,3.0,1.1739260435194818,0.7708682941884749,0,4,0.4712969525159461,1,0.03315
2015-2016,2015,Dallas Mavericks,0.08150302745784459,-0.0028574099000936376,0.512,6.5,14.0,1.8779642373615277,0.7708682941884749,1,7,0.5102763997165131,0,0.0
2015-2016,2015,Detroit Pistons,0.13354349573441202,0.06143431285201321,0.537,8.0,13.0,1.8259237690849603,0.7708682941884749,3,7,0.5269312544294826,0,0.0003
2015-2016,2015,Golden State Warriors,1.9594672648193723,1.482995738148598,0.89,1.0,1.0,0.0,0.7708682941884749,1,2,0.435306628855016,0,0.73725
2015-2016,2015,Houston Rockets,0.012335663466757385,0.048575968301591846,0.5,8.0,17.0,1.947131601352615,0.7708682941884749,2,1,0.5480326125487416,0,0.0
2015-2016,2015,Indiana Pacers,0.2047877376118975,0.23145020190758467,0.549,7.0,11.0,1.7546795272074749,0.7708682941884749,0,1,0.5030131159163417,0,0.00055
2015-2016,2015,Los Angeles Clippers,0.6105052897577524,0.5900551443693361,0.646,4.0,6.0,1.34896197506162,0.7708682941884749,0,3,0.3888443017656501,0,0.00195
2015-2016,2015,Memphis Grizzlies,0.04745608876090885,-0.3043141543599724,0.512,6.5,16.0,1.9120111760584635,0.7708682941884749,0,0,0.48629531388152075,0,0.0
2015-2016,2015,Miami Heat,0.3431060589303907,0.21430574250702283,0.585,4.5,8.0,1.6163612058889816,0.7708682941884749,3,6,0.517782909930716,0,0.0015
2015-2016,2015,Oklahoma City Thunder,0.7239389334432949,1.0129518095831944,0.671,3.0,5.0,1.2355283313760774,0.7708682941884749,0,3,0.6075268817204301,0,0.00485
2015-2016,2015,Portland Trail Blazers,0.1654975421032918,0.14001308510458824,0.537,5.0,12.0,1.7939697227160805,0.7708682941884749,0,5,0.5623671155209071,0,0.0
2015-2016,2015,San Antonio Spurs,1.4772382890524864,1.4687086886481295,0.817,2.0,2.0,0.48222897576688584,0.7708682941884749,5,18,0.6214108472172988,0,0.19075
2015-2016,2015,Toronto Raptors,0.7407576078092949,0.5829116196191021,0.683,2.0,4.0,1.2187096570100775,0.7708682941884749,0,0,0.42334384858044166,0,0.02365
2016-2017,2016,Atlanta Hawks,0.04912647743265425,-0.1757307088557587,0.524,5.0,12.0,1.3658282162479214,0.5659324393038285,0,4,0.5070714039323905,0,0.00195
2016-2017,2016,Boston Celtics,0.5501559628671356,0.32145861376053425,0.646,1.0,4.0,0.86479873081344,0.5659324393038285,4,10,0.5637491385251551,0,0.0551
2016-2017,2016,Cleveland Cavaliers,0.4643166677243521,0.4114670256134838,0.622,2.5,7.0,0.9506380259562236,0.5659324393038285,1,5,0.4776170798898072,0,0.0363
2016-2017,2016,Golden State Warriors,1.4149546936805757,1.6215801183031393,0.817,1.0,1.0,0.0,0.5659324393038285,1,3,0.4481570788839132,1,0.61375
2016-2017,2016,Houston Rockets,0.7162350027631608,0.8343636908273422,0.671,3.0,3.0,0.6987196909174149,0.5659324393038285,2,1,0.5466758525663107,0,0.03905
2016-2017,2016,Indiana Pacers,-0.0010385576753549482,-0.0914371168029964,0.512,6.5,15.0,1.4159932513559306,0.5659324393038285,0,1,0.5043058904581468,0,0.0011
2016-2017,2016,Los Angeles Clippers,0.5155433944507206,0.6314875879206939,0.622,4.5,5.0,0.8994112992298551,0.5659324393038285,0,3,0.39704739704739705,0,0.0103
2016-2017,2016,Memphis Grizzlies,0.14213778808251648,0.1371556752044946,0.524,7.0,11.0,1.2728169055980592,0.5659324393038285,0,0,0.4880461665292663,0,0.00035
2016-2017,2016,Milwaukee Bucks,0.020445820887954144,-0.06286301780206002,0.512,6.5,13.0,1.3945088727926216,0.5659324393038285,0,5,0.4872589531680441,0,0.00175
2016-2017,2016,Oklahoma City Thunder,0.3225277548237785,0.16430106925538415,0.573,6.0,10.0,1.0924269388567973,0.5659324393038285,0,4,0.615625,0,0.0023
2016-2017,2016,Portland Trail Blazers,0.01726526928381769,-0.03286021385107683,0.5,8.0,14.0,1.397689424396758,0.5659324393038285,0,5,0.5616391184573003,0,0.0002
2016-2017,2016,San Antonio Spurs,1.0382825290231803,1.0186666293833817,0.744,2.0,2.0,0.3766721646573954,0.5659324393038285,5,19,0.626937650706166,0,0.18625
2016-2017,2016,Toronto Raptors,0.4399127560280062,0.5214773067670888,0.622,2.5,8.0,0.9750419376525694,0.5659324393038285,0,0,0.4361127774445111,0,0.0264
2016-2017,2016,Utah Jazz,0.5024393371343651,0.5714819800187275,0.622,4.5,6.0,0.9125153565462106,0.5659324393038285,0,8,0.5612947658402204,0,0.00755
2016-2017,2016,Washington Wizards,0.34471434911692245,0.19430387320636738,0.598,4.0,9.0,1.0702403445636532,0.5659324393038285,0,0,0.41456953642384103,0,0.01655
2017-2018,2017,Boston Celtics,0.6753013962118277,0.46290040381516934,0.671,2.0,4.0,0.6104787109144207,0.6196778365181465,4,10,0.5660187667560321,0,0.07125
2017-2018,2017,Cleveland Cavaliers,0.40421747775941114,0.08429359205276231,0.61,4.0,7.0,0.8815626293668373,0.6196778365181465,1,5,0.4815807099799062,0,0.0131
2017-2018,2017,Golden State Warriors,0.8658681116610035,0.8272201660771081,0.707,2.0,3.0,0.41991199546524494,0.6196778365181465,2,4,0.45829145728643217,1,0.12605
2017-2018,2017,Houston Rockets,1.2857801071262485,1.1729667639884385,0.793,1.0,1.0,0.0,0.6196778365181465,2,2,0.5500837520938023,0,0.51925
2017-2018,2017,Indiana Pacers,0.33036093181161325,0.16858718410552462,0.585,5.0,11.0,0.9554191753146353,0.6196778365181465,0,1,0.5045226130653266,0,0.0071
2017-2018,2017,Miami Heat,0.10274021901988933,0.021430574250702283,0.537,6.5,16.0,1.183039888106359,0.6196778365181465,3,6,0.519536281665951,0,0.00125
2017-2018,2017,Milwaukee Bucks,0.13287845273144885,-0.06429172275210684,0.537,6.5,15.0,1.1529016543947996,0.6196778365181465,0,5,0.4879437374413932,0,0.0016
2017-2018,2017,Minnesota Timberwolves,0.3179385899106046,0.3357456632610024,0.573,7.5,12.0,0.9678415172156438,0.6196778365181465,0,2,0.3902981753449043,0,0.00445
2017-2018,2017,New Orleans Pelicans,0.37022458238824907,0.2114483326069292,0.585,5.0,9.0,0.9155555247379994,0.6196778365181465,0,0,0.43597560975609756,0,0.0073
2017-2018,2017,Oklahoma City Thunder,0.3539055841022401,0.488617092916012,0.585,5.0,10.0,0.9318745230240084,0.6196778365181465,0,4,0.610803324099723,0,0.006
2017-2018,2017,Philadelphia 76ers,0.5428754544107266,0.6143431285201321,0.634,3.0,5.0,0.7429046527155219,0.6196778365181465,1,5,0.47537688442211057,0,0.03285
2017-2018,2017,Portland Trail Blazers,0.4114295009234688,0.3714632870121729,0.598,3.0,6.0,0.8743506062027797,0.6196778365181465,0,5,0.5599464166108507,0,0.01005
2017-2018,2017,San Antonio Spurs,0.30819805484026663,0.4128957305635306,0.573,7.5,13.0,0.9775820522859818,0.6196778365181465,5,20,0.6301507537688442,0,0.00255
2017-2018,2017,Toronto Raptors,0.8942338923284707,1.0429546135341776,0.72,1.0,2.0,0.39154621479777774,0.6196778365181465,0,0,0.4448256146369354,0,0.18915
2017-2018,2017,Utah Jazz,0.39340184976378517,0.638631112670928,0.585,5.0,8.0,0.8923782573624632,0.6196778365181465,0,8,0.5629604822505023,0,0.00695
2017-2018,2017,Washington Wizards,0.09759609252667922,0.0757213623524814,0.524,8.0,17.0,1.1881840145995692,0.6196778365181465,0,0,0.4239949748743719,0,0.0011
2018-2019,2018,Boston Celtics,0.360655255959381,0.5571949305182593,0.598,4.0,12.0,0.5706657733626805,0.6163201189678532,4,10,0.5688193085453359,0,0.0142
2018-2019,2018,Brooklyn Nets,0.01726695446116094,-0.057148198001872756,0.512,6.5,14.0,0.9140540748609007,0.6163201189678532,0,0,0.4065040650406504,0,0.0013
2018-2019,2018,Denver Nuggets,0.6987307512052362,0.600056079019664,0.659,2.0,4.0,0.23259027811682542,0.6163201189678532,0,0,0.4804432855280313,0,0.091
2018-2019,2018,Detroit Pistons,-0.031633778725255676,-0.07857877225257504,0.5,8.0,16.0,0.9629548080473173,0.6163201189678532,3,7,0.5237940026075619,0,0.0003
2018-2019,2018,Golden State Warriors,0.8350284671728985,0.9172285779300576,0.695,1.0,2.0,0.09629256214916315,0.6163201189678532,3,5,0.46494946201499837,0,0.16245
2018-2019,2018,Houston Rockets,0.6375114558479402,0.710066360173269,0.646,3.5,6.0,0.2938095734741214,0.6163201189678532,2,3,0.5565699380502119,0,0.05735
2018-2019,2018,Indiana Pacers,0.29917043737276977,0.39432256621292194,0.585,5.0,13.0,0.6321505919492918,0.6163201189678532,0,1,0.5066840560808608,0,0.0086
2018-2019,2018,Los Angeles Clippers,0.3819253084760836,0.15572883955510325,0.585,7.5,10.0,0.5493957208459781,0.6163201189678532,0,4,0.40723155588020454,0,0.0094
2018-2019,2018,Milwaukee Bucks,0.9313210293220616,1.1501074847876893,0.732,1.0,1.0,0.0,0.6163201189678532,0,5,0.4892438070404172,0,0.3176
2018-2019,2018,Oklahoma City Thunder,0.4290254896656848,0.5086189622166675,0.598,6.0,9.0,0.5022955396563769,0.6163201189678532,0,4,0.6082089552238806,0,0.01405
2018-2019,2018,Orlando Magic,0.01092722103906576,0.04000373860131093,0.512,6.5,15.0,0.9203938082829959,0.6163201189678532,0,3,0.47852233676975947,0,0.00105
2018-2019,2018,Philadelphia 76ers,0.46315167716290667,0.322887318710581,0.622,3.0,8.0,0.46816935215915495,0.6163201189678532,1,5,0.4796217802412781,0,0.03045
2018-2019,2018,Portland Trail Blazers,0.6447251596990377,0.6343449978207876,0.646,3.5,5.0,0.28659586962302397,0.6163201189678532,0,5,0.5609517601043025,0,0.0536
2018-2019,2018,San Antonio Spurs,0.3689004821645208,0.2585955959584742,0.585,7.5,11.0,0.5624205471575408,0.6163201189678532,5,20,0.6286273231170525,0,0.0084
2018-2019,2018,Toronto Raptors,0.8288281574322454,0.7843590175757036,0.707,2.0,3.0,0.10249287188981626,0.6163201189678532,0,1,0.4571272528672856,1,0.21255
2018-2019,2018,Utah Jazz,0.4722722702167536,0.7557849185747672,0.61,5.0,7.0,0.459048759105308,0.6163201189678532,0,9,0.5635593220338984,0,0.0177
2019-2020,2019,Boston Celtics,0.6985142298919139,0.8329349858772954,0.667,3.0,5.0,0.44644561140208106,0.6681388508572365,4,10,0.5695679796696315,0,0.028
2019-2020,2019,Brooklyn Nets,-0.0816566282823827,-0.1442991999547287,0.486,7.0,16.0,1.2266164695763777,0.6681388508572365,0,0,0.42160278745644597,0,0.00015
2019-2020,2019,Dallas Mavericks,0.3251856671195239,0.6957793106728007,0.573,7.0,13.0,0.8197741741744711,0.6681388508572365,1,7,0.4990476190476191,0,0.0032
2019-2020,2019,Denver Nuggets,0.5921471258201403,0.3357456632610024,0.63,3.0,6.0,0.5528127154738547,0.6681388508572365,0,0,0.48507936507936505,0,0.0224
2019-2020,2019,Houston Rockets,0.5015072638226158,0.4471846493646543,0.611,5.0,8.0,0.6434525774713792,0.6681388508572365,2,3,0.5589075897110194,0,0.0122
2019-2020,2019,Indiana Pacers,0.4710853549256655,0.23287890685763146,0.616,4.0,10.0,0.6738744863683295,0.6681388508572365,0,1,0.5087329310892347,0,0.0071
2019-2020,2019,Los Angeles Clippers,0.8185920599451441,0.9515174967311814,0.681,2.0,4.0,0.3263677813488509,0.6681388508572365,0,4,0.4124113475177305,0,0.0856
2019-2020,2019,Los Angeles Lakers,1.08502020976421,0.8972267086294022,0.732,1.0,2.0,0.059939631529784876,0.6681388508572365,9,15,0.6059066370276278,1,0.27185
2019-2020,2019,Miami Heat,0.42530338710333987,0.370034582062126,0.603,5.0,11.0,0.7196564541906552,0.6681388508572365,3,6,0.5186522262334536,0,0.0043
2019-2020,2019,Milwaukee Bucks,1.144959841293995,1.3444113579940564,0.767,1.0,1.0,0.0,0.6681388508572365,0,6,0.4955555555555556,0,0.34665
2019-2020,2019,Oklahoma City Thunder,0.5154756983089473,0.33145954841086195,0.611,5.0,7.0,0.6294841429850476,0.6681388508572365,0,4,0.6072234762979684,0,0.0116
2019-2020,2019,Orlando Magic,-0.15255553358368704,-0.13286956035435415,0.452,8.0,19.0,1.297515374877682,0.6681388508572365,0,3,0.47966804979253114,0,0.0
2019-2020,2019,Philadelphia 76ers,0.3946871159003904,0.32145861376053425,0.589,6.0,12.0,0.7502727253936046,0.6681388508572365,1,5,0.4833280406478247,0,0.00415
2019-2020,2019,Portland Trail Blazers,-0.02502637901336083,-0.08715100195285594,0.473,8.0,14.0,1.1699862203073559,0.6681388508572365,0,5,0.5631746031746032,0,0.0002
2019-2020,2019,Toronto Raptors,1.0242981983719428,0.8529368551779508,0.736,2.0,3.0,0.12066164292205217,0.6681388508572365,1,2,0.46785154208050184,0,0.1944
2019-2020,2019,Utah Jazz,0.48225745345770954,0.36003364741179833,0.611,5.0,9.0,0.6627023878362854,0.6681388508572365,0,10,0.5647619047619048,0,0.0082
2020-2021,2020,Atlanta Hawks,0.26003302590329463,0.30574285931001927,0.569,4.5,11.5,0.6715286245650904,0.5672931135246916,0,4,0.4937733499377335,0,0.01155
2020-2021,2020,Boston Celtics,-0.01189112443330701,0.1885890534061801,0.5,7.0,16.0,0.943452774901692,0.5672931135246916,4,10,0.5717391304347826,0,0.0012
2020-2021,2020,Brooklyn Nets,0.6556645105209065,0.6057708988198512,0.667,2.0,4.0,0.27589713994747855,0.5672931135246916,0,0,0.42879256965944273,0,0.1169
2020-2021,2020,Dallas Mavericks,0.3465639073128414,0.322887318710581,0.583,6.0,8.5,0.5849977431555435,0.5672931135246916,1,7,0.5007751937984496,0,0.0082
2020-2021,2020,Denver Nuggets,0.6294152727370864,0.6886357859225667,0.653,3.5,5.5,0.3021463777312986,0.5672931135246916,0,0,0.48836487744337576,0,0.0606
2020-2021,2020,Golden State Warriors,0.18183697104627577,0.15715754450515007,0.542,8.0,14.0,0.7497246794221093,0.5672931135246916,3,6,0.46608587429993775,0,0.00255
2020-2021,2020,Los Angeles Clippers,0.6294152727370864,0.8600803799281849,0.653,3.5,5.5,0.3021463777312986,0.5672931135246916,0,5,0.4190871369294606,0,0.05615
2020-2021,2020,Los Angeles Lakers,0.34656390731284137,0.39432256621292194,0.583,6.0,10.0,0.5849977431555436,0.5672931135246916,10,16,0.6086956521739131,0,0.00795
2020-2021,2020,Miami Heat,0.20530012650170465,-0.008572229700280912,0.556,6.0,13.0,0.7262615239666803,0.5672931135246916,3,6,0.5210444271239283,0,0.00575
2020-2021,2020,Milwaukee Bucks,0.5396364787501833,0.7957886571760782,0.639,3.0,7.0,0.39192517171820174,0.5672931135246916,0,7,0.5017064846416383,1,0.057
2020-2021,2020,New York Knicks,0.26003302590329463,0.3043141543599724,0.569,4.5,11.5,0.6715286245650904,0.5672931135246916,0,2,0.4688861232109521,0,0.0103
2020-2021,2020,Philadelphia 76ers,0.7149215566816773,0.7543562136247204,0.681,1.0,3.0,0.21664009378670768,0.5672931135246916,1,5,0.4857231533209187,0,0.18115
2020-2021,2020,Phoenix Suns,0.8689860600203034,0.8100757066765463,0.708,2.0,2.0,0.06257559044808159,0.5672931135246916,0,11,0.5392491467576792,0,0.19365
2020-2021,2020,Portland Trail Blazers,0.3465639073128414,0.2571668910084274,0.583,6.0,8.5,0.5849977431555435,0.5672931135246916,0,5,0.5611042183622829,0,0.007
2020-2021,2020,Utah Jazz,0.931561650468385,1.2801196352419497,0.722,1.0,1.0,0.0,0.5672931135246916,0,10,0.5657976412166357,0,0.2796
2021-2022,2021,Boston Celtics,0.48663286458148675,1.0029508749328668,0.622,3.0,7.0,0.6967136303987203,0.5809877577660921,4,10,0.5701701093560145,0,0.0522
2021-2022,2021,Brooklyn Nets,0.1527101914269346,0.11715380590383913,0.537,7.5,14.0,1.0306363035532724,0.5809877577660921,0,0,0.45264623955431754,0,0.00515
2021-2022,2021,Chicago Bulls,0.23968912568349066,-0.0528620831517323,0.561,6.0,13.0,0.9436573692967164,0.5809877577660921,6,8,0.5153729071537291,0,0.00895
2021-2022,2021,Cleveland Cavaliers,0.14886709665648415,0.29145580980955105,0.537,7.5,15.0,1.0344793983237228,0.5809877577660921,1,5,0.47094615150593244,0,0.0037
2021-2022,2021,Dallas Mavericks,0.534398275463839,0.4457559444146075,0.634,4.0,5.0,0.648948219516368,0.5809877577660921,1,7,0.502578101304216,0,0.0295
2021-2022,2021,Denver Nuggets,0.33696408783539233,0.30860026921011285,0.585,6.0,11.0,0.8463824071448147,0.5809877577660921,0,0,0.4919575113808801,0,0.00685
2021-2022,2021,Golden State Warriors,0.620694655076258,0.7886451324258439,0.646,3.0,3.0,0.5626518399039491,0.5809877577660921,3,6,0.46774193548387094,1,0.0557
2021-2022,2021,Los Angeles Clippers,0.07133021843686321,0.012858344550421369,0.512,8.0,18.0,1.112016276543344,0.5809877577660921,0,6,0.4247638326585695,0,0.0009
2021-2022,2021,Memphis Grizzlies,0.7428653905153846,0.7672145581751417,0.683,2.0,2.0,0.44048110446482247,0.5809877577660921,0,0,0.47506234413965087,0,0.10935
2021-2022,2021,Miami Heat,0.5915663494725103,0.6043421938698044,0.646,1.0,4.0,0.5917801455076968,0.5809877577660921,3,6,0.521986353297953,0,0.08655
2021-2022,2021,Milwaukee Bucks,0.48094022862797975,0.4600429939150757,0.622,3.0,8.0,0.7024062663522272,0.5809877577660921,1,8,0.5047040971168437,0,0.04445
2021-2022,2021,Minnesota Timberwolves,0.2516696851889082,0.36146235236184515,0.561,7.0,12.0,0.9316768097912989,0.5809877577660921,0,2,0.3934040047114252,0,0.0047
2021-2022,2021,Philadelphia 76ers,0.49342210059058095,0.3671771721620324,0.622,3.0,6.0,0.689924394389626,0.5809877577660921,1,5,0.4899817850637523,0,0.04005
2021-2022,2021,Phoenix Suns,1.183346494980207,0.9915212353324923,0.78,1.0,1.0,0.0,0.5809877577660921,0,12,0.5429438543247345,0,0.5274
2021-2022,2021,Toronto Raptors,0.35381987447796953,0.33860307316109606,0.585,5.0,10.0,0.8295266205022376,0.5809877577660921,1,3,0.4739912493923189,0,0.0153
2021-2022,2021,Utah Jazz,0.3896221975271163,0.8100757066765463,0.598,5.0,9.0,0.7937242974530907,0.5809877577660921,0,11,0.569216757741348,0,0.00925
2022-2023,2022,Boston Celtics,0.7997896169657408,0.9115137581298703,0.695,2.0,2.0,0.05472689626991145,0.49826208344174816,4,11,0.5714285714285714,0,0.20495
2022-2023,2022,Brooklyn Nets,0.2192568113979232,0.14715660985482235,0.549,6.0,9.0,0.6352597018377291,0.49826208344174816,0,0,0.46125,0,0.00605
2022-2023,2022,Cleveland Cavaliers,0.49221016027813047,0.7472126888744863,0.622,4.0,5.0,0.3623063529575218,0.49826208344174816,1,5,0.4725437815375482,0,0.0463
2022-2023,2022,Denver Nuggets,0.5596200507174166,0.4343263048142329,0.646,1.0,4.0,0.29489646251823565,0.49826208344174816,0,0,0.49422564406277764,1,0.14415
2022-2023,2022,Golden State Warriors,0.13685448766496008,0.2371650217077719,0.537,5.5,12.0,0.7176620255706921,0.49826208344174816,4,7,0.47209026128266035,0,0.0104
2022-2023,2022,Los Angeles Clippers,0.1274589879692193,0.04428985345145138,0.537,5.5,13.0,0.727057525266433,0.49826208344174816,0,6,0.42711753118844387,0,0.00875
2022-2023,2022,Los Angeles Lakers,0.08734134244347469,0.06143431285201321,0.524,7.0,14.0,0.7671751707921776,0.49826208344174816,10,16,0.6031416716064019,0,0.0066
2022-2023,2022,Memphis Grizzlies,0.45772708640987886,0.5143337820168548,0.622,2.0,6.0,0.3967894268257734,0.49826208344174816,0,0,0.4851720047449585,0,0.08275
2022-2023,2022,Miami Heat,0.16623604277199303,-0.018573164350608646,0.537,7.0,11.0,0.6882804704636593,0.49826208344174816,3,6,0.5257352941176471,0,0.00445
2022-2023,2022,Milwaukee Bucks,0.8545165132356523,0.5157624869669015,0.707,1.0,1.0,0.0,0.49826208344174816,1,8,0.5075510808409831,0,0.30815
2022-2023,2022,New York Knicks,0.3075148176498897,0.42718278006399885,0.573,5.0,8.0,0.5470016955857626,0.49826208344174816,0,2,0.47060570071258906,0,0.01225
2022-2023,2022,Philadelphia 76ers,0.6591873191050425,0.6243440631704599,0.659,3.0,3.0,0.19532919413060978,0.49826208344174816,1,5,0.4931872037914692,0,0.10685
2022-2023,2022,Phoenix Suns,0.20255491025988434,0.29717062960973833,0.549,4.0,10.0,0.6519616029757679,0.49826208344174816,0,13,0.5487118744447734,0,0.018
2022-2023,2022,Sacramento Kings,0.3134769480545864,0.3286021385107683,0.585,3.0,7.0,0.5410395651810658,0.49826208344174816,0,4,0.4192021636240703,0,0.03375
